--
-- PostgreSQL database dump
--

-- Dumped from database version 13.2 (Ubuntu 13.2-1.pgdg18.04+1)
-- Dumped by pg_dump version 13.2 (Ubuntu 13.2-1.pgdg18.04+1)

-- Started on 2021-04-04 21:45:07 UTC

SET statement_timeout = 0;
SET lock_timeout = 0;
SET idle_in_transaction_session_timeout = 0;
SET client_encoding = 'UTF8';
SET standard_conforming_strings = on;
SELECT pg_catalog.set_config('search_path', '', false);
SET check_function_bodies = false;
SET xmloption = content;
SET client_min_messages = warning;
SET row_security = off;

SET default_tablespace = '';

SET default_table_access_method = heap;

--
-- TOC entry 201 (class 1259 OID 16388)
-- Name: adonis_schema; Type: TABLE; Schema: public; Owner: postgres
--

CREATE TABLE public.adonis_schema (
    id integer NOT NULL,
    name character varying(255),
    batch integer,
    migration_time timestamp with time zone DEFAULT CURRENT_TIMESTAMP
);


ALTER TABLE public.adonis_schema OWNER TO postgres;

--
-- TOC entry 200 (class 1259 OID 16386)
-- Name: adonis_schema_id_seq; Type: SEQUENCE; Schema: public; Owner: postgres
--

CREATE SEQUENCE public.adonis_schema_id_seq
    AS integer
    START WITH 1
    INCREMENT BY 1
    NO MINVALUE
    NO MAXVALUE
    CACHE 1;


ALTER TABLE public.adonis_schema_id_seq OWNER TO postgres;

--
-- TOC entry 3054 (class 0 OID 0)
-- Dependencies: 200
-- Name: adonis_schema_id_seq; Type: SEQUENCE OWNED BY; Schema: public; Owner: postgres
--

ALTER SEQUENCE public.adonis_schema_id_seq OWNED BY public.adonis_schema.id;


--
-- TOC entry 215 (class 1259 OID 16616)
-- Name: adresses; Type: TABLE; Schema: public; Owner: postgres
--

CREATE TABLE public.adresses (
    id integer NOT NULL,
    client_id integer,
    cep character varying(10) NOT NULL,
    longradouro character varying(140),
    complemento character varying(60),
    numero character varying(40),
    pont_ref character varying(240),
    bairro character varying(60),
    cidade character varying(60),
    estado character varying(60),
    lat character varying(30),
    long character varying(30),
    zone character varying(240),
    created_at timestamp with time zone,
    updated_at timestamp with time zone
);


ALTER TABLE public.adresses OWNER TO postgres;

--
-- TOC entry 214 (class 1259 OID 16614)
-- Name: adresses_id_seq; Type: SEQUENCE; Schema: public; Owner: postgres
--

CREATE SEQUENCE public.adresses_id_seq
    AS integer
    START WITH 1
    INCREMENT BY 1
    NO MINVALUE
    NO MAXVALUE
    CACHE 1;


ALTER TABLE public.adresses_id_seq OWNER TO postgres;

--
-- TOC entry 3055 (class 0 OID 0)
-- Dependencies: 214
-- Name: adresses_id_seq; Type: SEQUENCE OWNED BY; Schema: public; Owner: postgres
--

ALTER SEQUENCE public.adresses_id_seq OWNED BY public.adresses.id;


--
-- TOC entry 213 (class 1259 OID 16605)
-- Name: clients; Type: TABLE; Schema: public; Owner: postgres
--

CREATE TABLE public.clients (
    id integer NOT NULL,
    name character varying(240) NOT NULL,
    cpf character varying(240) NOT NULL,
    apelido character varying(240) NOT NULL,
    contato character varying(240) NOT NULL,
    created_at timestamp with time zone,
    updated_at timestamp with time zone
);


ALTER TABLE public.clients OWNER TO postgres;

--
-- TOC entry 212 (class 1259 OID 16603)
-- Name: clients_id_seq; Type: SEQUENCE; Schema: public; Owner: postgres
--

CREATE SEQUENCE public.clients_id_seq
    AS integer
    START WITH 1
    INCREMENT BY 1
    NO MINVALUE
    NO MAXVALUE
    CACHE 1;


ALTER TABLE public.clients_id_seq OWNER TO postgres;

--
-- TOC entry 3056 (class 0 OID 0)
-- Dependencies: 212
-- Name: clients_id_seq; Type: SEQUENCE OWNED BY; Schema: public; Owner: postgres
--

ALTER SEQUENCE public.clients_id_seq OWNED BY public.clients.id;


--
-- TOC entry 217 (class 1259 OID 16632)
-- Name: collaborators; Type: TABLE; Schema: public; Owner: postgres
--

CREATE TABLE public.collaborators (
    id integer NOT NULL,
    name character varying(255) NOT NULL,
    cpf character varying(255),
    rg character varying(255),
    contato character varying(255) NOT NULL,
    password character varying(255) NOT NULL,
    cargo character varying(255),
    created_at timestamp with time zone,
    updated_at timestamp with time zone
);


ALTER TABLE public.collaborators OWNER TO postgres;

--
-- TOC entry 216 (class 1259 OID 16630)
-- Name: collaborators_id_seq; Type: SEQUENCE; Schema: public; Owner: postgres
--

CREATE SEQUENCE public.collaborators_id_seq
    AS integer
    START WITH 1
    INCREMENT BY 1
    NO MINVALUE
    NO MAXVALUE
    CACHE 1;


ALTER TABLE public.collaborators_id_seq OWNER TO postgres;

--
-- TOC entry 3057 (class 0 OID 0)
-- Dependencies: 216
-- Name: collaborators_id_seq; Type: SEQUENCE OWNED BY; Schema: public; Owner: postgres
--

ALTER SEQUENCE public.collaborators_id_seq OWNED BY public.collaborators.id;


--
-- TOC entry 219 (class 1259 OID 16645)
-- Name: ordens_services; Type: TABLE; Schema: public; Owner: postgres
--

CREATE TABLE public.ordens_services (
    id integer NOT NULL,
    client_id integer,
    colaborator_id integer,
    adress_id integer,
    service_id integer,
    data character varying(255) NOT NULL,
    hora character varying(255),
    tempo character varying(255),
    obs character varying(255),
    status character varying(255),
    created_at timestamp with time zone,
    updated_at timestamp with time zone
);


ALTER TABLE public.ordens_services OWNER TO postgres;

--
-- TOC entry 218 (class 1259 OID 16643)
-- Name: ordens_services_id_seq; Type: SEQUENCE; Schema: public; Owner: postgres
--

CREATE SEQUENCE public.ordens_services_id_seq
    AS integer
    START WITH 1
    INCREMENT BY 1
    NO MINVALUE
    NO MAXVALUE
    CACHE 1;


ALTER TABLE public.ordens_services_id_seq OWNER TO postgres;

--
-- TOC entry 3058 (class 0 OID 0)
-- Dependencies: 218
-- Name: ordens_services_id_seq; Type: SEQUENCE OWNED BY; Schema: public; Owner: postgres
--

ALTER SEQUENCE public.ordens_services_id_seq OWNED BY public.ordens_services.id;


--
-- TOC entry 209 (class 1259 OID 16586)
-- Name: products; Type: TABLE; Schema: public; Owner: postgres
--

CREATE TABLE public.products (
    id integer NOT NULL,
    codigo character varying(240) NOT NULL,
    nome character varying(240),
    price_custo character varying(240),
    price_venda character varying(240),
    und_medida character varying(240),
    created_at timestamp with time zone,
    updated_at timestamp with time zone
);


ALTER TABLE public.products OWNER TO postgres;

--
-- TOC entry 208 (class 1259 OID 16584)
-- Name: products_id_seq; Type: SEQUENCE; Schema: public; Owner: postgres
--

CREATE SEQUENCE public.products_id_seq
    AS integer
    START WITH 1
    INCREMENT BY 1
    NO MINVALUE
    NO MAXVALUE
    CACHE 1;


ALTER TABLE public.products_id_seq OWNER TO postgres;

--
-- TOC entry 3059 (class 0 OID 0)
-- Dependencies: 208
-- Name: products_id_seq; Type: SEQUENCE OWNED BY; Schema: public; Owner: postgres
--

ALTER SEQUENCE public.products_id_seq OWNED BY public.products.id;


--
-- TOC entry 211 (class 1259 OID 16597)
-- Name: services; Type: TABLE; Schema: public; Owner: postgres
--

CREATE TABLE public.services (
    id integer NOT NULL,
    name character varying(240) NOT NULL,
    created_at timestamp with time zone,
    updated_at timestamp with time zone
);


ALTER TABLE public.services OWNER TO postgres;

--
-- TOC entry 210 (class 1259 OID 16595)
-- Name: services_id_seq; Type: SEQUENCE; Schema: public; Owner: postgres
--

CREATE SEQUENCE public.services_id_seq
    AS integer
    START WITH 1
    INCREMENT BY 1
    NO MINVALUE
    NO MAXVALUE
    CACHE 1;


ALTER TABLE public.services_id_seq OWNER TO postgres;

--
-- TOC entry 3060 (class 0 OID 0)
-- Dependencies: 210
-- Name: services_id_seq; Type: SEQUENCE OWNED BY; Schema: public; Owner: postgres
--

ALTER SEQUENCE public.services_id_seq OWNED BY public.services.id;


--
-- TOC entry 205 (class 1259 OID 16561)
-- Name: tokens; Type: TABLE; Schema: public; Owner: postgres
--

CREATE TABLE public.tokens (
    id integer NOT NULL,
    user_id integer,
    token character varying(255) NOT NULL,
    type character varying(80) NOT NULL,
    is_revoked boolean DEFAULT false,
    created_at timestamp with time zone,
    updated_at timestamp with time zone
);


ALTER TABLE public.tokens OWNER TO postgres;

--
-- TOC entry 204 (class 1259 OID 16559)
-- Name: tokens_id_seq; Type: SEQUENCE; Schema: public; Owner: postgres
--

CREATE SEQUENCE public.tokens_id_seq
    AS integer
    START WITH 1
    INCREMENT BY 1
    NO MINVALUE
    NO MAXVALUE
    CACHE 1;


ALTER TABLE public.tokens_id_seq OWNER TO postgres;

--
-- TOC entry 3061 (class 0 OID 0)
-- Dependencies: 204
-- Name: tokens_id_seq; Type: SEQUENCE OWNED BY; Schema: public; Owner: postgres
--

ALTER SEQUENCE public.tokens_id_seq OWNED BY public.tokens.id;


--
-- TOC entry 207 (class 1259 OID 16578)
-- Name: tools; Type: TABLE; Schema: public; Owner: postgres
--

CREATE TABLE public.tools (
    id integer NOT NULL,
    name character varying(240) NOT NULL,
    marca character varying(240),
    created_at timestamp with time zone,
    updated_at timestamp with time zone
);


ALTER TABLE public.tools OWNER TO postgres;

--
-- TOC entry 206 (class 1259 OID 16576)
-- Name: tools_id_seq; Type: SEQUENCE; Schema: public; Owner: postgres
--

CREATE SEQUENCE public.tools_id_seq
    AS integer
    START WITH 1
    INCREMENT BY 1
    NO MINVALUE
    NO MAXVALUE
    CACHE 1;


ALTER TABLE public.tools_id_seq OWNER TO postgres;

--
-- TOC entry 3062 (class 0 OID 0)
-- Dependencies: 206
-- Name: tools_id_seq; Type: SEQUENCE OWNED BY; Schema: public; Owner: postgres
--

ALTER SEQUENCE public.tools_id_seq OWNED BY public.tools.id;


--
-- TOC entry 203 (class 1259 OID 16549)
-- Name: users; Type: TABLE; Schema: public; Owner: postgres
--

CREATE TABLE public.users (
    id integer NOT NULL,
    username character varying(80) NOT NULL,
    email character varying(254) NOT NULL,
    password character varying(60) NOT NULL,
    created_at timestamp with time zone,
    updated_at timestamp with time zone
);


ALTER TABLE public.users OWNER TO postgres;

--
-- TOC entry 202 (class 1259 OID 16547)
-- Name: users_id_seq; Type: SEQUENCE; Schema: public; Owner: postgres
--

CREATE SEQUENCE public.users_id_seq
    AS integer
    START WITH 1
    INCREMENT BY 1
    NO MINVALUE
    NO MAXVALUE
    CACHE 1;


ALTER TABLE public.users_id_seq OWNER TO postgres;

--
-- TOC entry 3063 (class 0 OID 0)
-- Dependencies: 202
-- Name: users_id_seq; Type: SEQUENCE OWNED BY; Schema: public; Owner: postgres
--

ALTER SEQUENCE public.users_id_seq OWNED BY public.users.id;


--
-- TOC entry 2852 (class 2604 OID 16391)
-- Name: adonis_schema id; Type: DEFAULT; Schema: public; Owner: postgres
--

ALTER TABLE ONLY public.adonis_schema ALTER COLUMN id SET DEFAULT nextval('public.adonis_schema_id_seq'::regclass);


--
-- TOC entry 2861 (class 2604 OID 16619)
-- Name: adresses id; Type: DEFAULT; Schema: public; Owner: postgres
--

ALTER TABLE ONLY public.adresses ALTER COLUMN id SET DEFAULT nextval('public.adresses_id_seq'::regclass);


--
-- TOC entry 2860 (class 2604 OID 16608)
-- Name: clients id; Type: DEFAULT; Schema: public; Owner: postgres
--

ALTER TABLE ONLY public.clients ALTER COLUMN id SET DEFAULT nextval('public.clients_id_seq'::regclass);


--
-- TOC entry 2862 (class 2604 OID 16635)
-- Name: collaborators id; Type: DEFAULT; Schema: public; Owner: postgres
--

ALTER TABLE ONLY public.collaborators ALTER COLUMN id SET DEFAULT nextval('public.collaborators_id_seq'::regclass);


--
-- TOC entry 2863 (class 2604 OID 16648)
-- Name: ordens_services id; Type: DEFAULT; Schema: public; Owner: postgres
--

ALTER TABLE ONLY public.ordens_services ALTER COLUMN id SET DEFAULT nextval('public.ordens_services_id_seq'::regclass);


--
-- TOC entry 2858 (class 2604 OID 16589)
-- Name: products id; Type: DEFAULT; Schema: public; Owner: postgres
--

ALTER TABLE ONLY public.products ALTER COLUMN id SET DEFAULT nextval('public.products_id_seq'::regclass);


--
-- TOC entry 2859 (class 2604 OID 16600)
-- Name: services id; Type: DEFAULT; Schema: public; Owner: postgres
--

ALTER TABLE ONLY public.services ALTER COLUMN id SET DEFAULT nextval('public.services_id_seq'::regclass);


--
-- TOC entry 2855 (class 2604 OID 16564)
-- Name: tokens id; Type: DEFAULT; Schema: public; Owner: postgres
--

ALTER TABLE ONLY public.tokens ALTER COLUMN id SET DEFAULT nextval('public.tokens_id_seq'::regclass);


--
-- TOC entry 2857 (class 2604 OID 16581)
-- Name: tools id; Type: DEFAULT; Schema: public; Owner: postgres
--

ALTER TABLE ONLY public.tools ALTER COLUMN id SET DEFAULT nextval('public.tools_id_seq'::regclass);


--
-- TOC entry 2854 (class 2604 OID 16552)
-- Name: users id; Type: DEFAULT; Schema: public; Owner: postgres
--

ALTER TABLE ONLY public.users ALTER COLUMN id SET DEFAULT nextval('public.users_id_seq'::regclass);


--
-- TOC entry 3030 (class 0 OID 16388)
-- Dependencies: 201
-- Data for Name: adonis_schema; Type: TABLE DATA; Schema: public; Owner: postgres
--

COPY public.adonis_schema (id, name, batch, migration_time) FROM stdin;
10	1503250034279_user	1	2021-03-22 01:59:22.248327+00
11	1503250034280_token	1	2021-03-22 01:59:22.303593+00
12	1595186769754_tools_schema	1	2021-03-22 01:59:22.321946+00
13	1595195174012_products_schema	1	2021-03-22 01:59:22.348066+00
14	1595199041757_services_schema	1	2021-03-22 01:59:22.364586+00
15	1595643872888_clients_schema	1	2021-03-22 01:59:22.392151+00
16	1595650748725_adress_schema	1	2021-03-22 01:59:22.420503+00
17	1596909927171_collaborators_schema	1	2021-03-22 01:59:22.45681+00
18	1596913460629_ordens_services_schema	1	2021-03-22 01:59:22.483501+00
\.


--
-- TOC entry 3044 (class 0 OID 16616)
-- Dependencies: 215
-- Data for Name: adresses; Type: TABLE DATA; Schema: public; Owner: postgres
--

COPY public.adresses (id, client_id, cep, longradouro, complemento, numero, pont_ref, bairro, cidade, estado, lat, long, zone, created_at, updated_at) FROM stdin;
1	1	58824-000	SITIO SAO PEDRO 	 	sn	 	ZONA RURAL	SANTA CRUZ	PB				2021-03-22 01:59:37+00	2021-03-22 01:59:37+00
2	2	58915-000	RUA MARIA DE FATIMA VIEIRA	TERREO	119	DO LADO DA CASA DE MARCOS ROMAO	NOSSA SENHORA DE LOURDES	UIRAUNA	PB				2021-03-22 01:59:37+00	2021-03-22 01:59:37+00
3	3	59955-000	Rua Antônio Fortunato dos Santos	 	17	 	CENTRO	Tenente Ananias	RN				2021-03-22 01:59:37+00	2021-03-22 01:59:37+00
4	4	58915-000	Rua Antônio Claudino de Galiza	 	SN	RUA POR TRAZ DO LAVA JATO DE ASSIS 	TAMANDARE	Uiraúna	PB				2021-03-22 01:59:37+00	2021-03-22 01:59:37+00
5	5	58915-000	SITIO BERLIM - DIVISA MOTEL	 	SN	MOTEL DEPOIS DO CONTORNO DO LADO ESQUERO SENTIDO RIO GRANDE DO NORTE	ZONA RURAL	UIRAUNA	PB				2021-03-22 01:59:37+00	2021-03-22 01:59:37+00
6	6	59940-000	Rua Doutor Adolfo Paulino	 	SN	PROXIMO A IGREJA SENHORA SANTANA	CENTRO	Luís Gomes	RN				2021-03-22 01:59:37+00	2021-03-22 01:59:37+00
7	7	59940-000	SITIO BAIXIO 	 	SN	AGUA LARA	ZONA RURAL	LUIS GOMES	RN				2021-03-22 01:59:37+00	2021-03-22 01:59:37+00
8	8	58915-000	Rua Major José Fernandes	LOJA PARADA FASHION	S/N 	DE FRENTE A DIGISAT SEGURANÇA ELETRÔNICA 	CENTRO	Uiraúna	PB				2021-03-22 01:59:37+00	2021-03-22 01:59:37+00
9	9	58822-000	Rua Projetada	FARMACIA VIPROVET	SN	DE FRENTE A PRAÇA PUBLICA.	CENTRO	Vieirópolis	PB				2021-03-22 01:59:37+00	2021-03-22 01:59:37+00
10	10	58820-000	ALTO DA BELA VISTA 	PROXIMO AO POSTO DE DEDE	SN 	SAIDA PARA TENENTE ANANIAS		LASTRO	PB 				2021-03-22 01:59:37+00	2021-03-22 01:59:37+00
11	11	58915-000	RUA CÔNEGO BERNARDINO	PRÓXIMO AO ESCRITORIO DE ADVOGACIA DE DR.RAIUMUNDO CEZARIO	73	CASA DE ESQUINA 	CENTRO	UIRAUNA	PB 				2021-03-22 01:59:37+00	2021-03-22 01:59:37+00
12	12	59955-000	Rua Maria Gomes da Silveira	 	22	ACADEMIA RYAN FITNESS	BAIRRO DA RUA NOVA	Tenente Ananias	RN				2021-03-22 01:59:37+00	2021-03-22 01:59:37+00
13	13	58915-000	Rua Euclides Fernandes	 		ESCRITORIO MEGA SORTEIO	CENTRO	Uiraúna	PB				2021-03-22 01:59:37+00	2021-03-22 01:59:37+00
14	14	58915-000	SITIO VARELO 	IRMÃ DE EMANUEL BLOGUEIRO	SN 	PRIMEIRAS CASAS DO SITIO	ZONA RURAL	UIRAUNA	PB 				2021-03-22 01:59:37+00	2021-03-22 01:59:37+00
15	15	59940-000	RUA RAIMUNDO LIBANIO DA ROCHA	 	60	UMA CASA DEPOIS DA OFICINA DE MOTO - LUCIANO MOTO PECAS 	CENTRO	LUIS GOMES	RN				2021-03-22 01:59:37+00	2021-03-22 01:59:37+00
16	16	58908-000	Avenida Tirso Alves de Moura	 	SN	PRIMEIRA CASA VINDO DE UIRAUNA DO LADO DIREITO, CASA TODA MURADA. 	CENTRO	Poço de José de Moura	PB				2021-03-22 01:59:37+00	2021-03-22 01:59:37+00
17	17			 		CLOVIS MATERIAIS DE CONSTRUCOES		SANTA HELENA	PB				2021-03-22 01:59:37+00	2021-03-22 01:59:37+00
18	18	58915-000	Rua Monsenhor Constatino Vieira	 	253	VIZINHO A TONHEIRO	CRISTO REI	Uiraúna	PB				2021-03-22 01:59:37+00	2021-03-22 01:59:37+00
19	19	58915-000	Rua Monsenhor Constantino	 	151	CASA DE SEGUNDO SANTIAGO	CENTRO	Uiraúna	PB				2021-03-22 01:59:37+00	2021-03-22 01:59:37+00
20	20	59940-000	Rua Doutor Adolfo Paulino	 		CASA DE DOUTOR PIO	CENTRO	Luís Gomes	RN				2021-03-22 01:59:37+00	2021-03-22 01:59:37+00
21	21	58915-000	SITIO MATO GROSSO	 	sn	CASA DE SIZIM 	ZONA RURAL	UIRAUNA	PB				2021-03-22 01:59:37+00	2021-03-22 01:59:37+00
22	22	59945-000	RUA JOSE EVARISTO	 	127	MERCADINHO PRECO BAIXO POR TRAZ DO MERCADO PUBLICO	CENTRO	MAJOR SALES	RN				2021-03-22 01:59:37+00	2021-03-22 01:59:37+00
23	23	58915-000	Rua Capitão Israel	 		COMERCIO DE VALDEMIR AO LADO DE DEUSDETE	CENTRO	Uiraúna	PB				2021-03-22 01:59:37+00	2021-03-22 01:59:37+00
24	24	59945-000	FAZENDA NOVA	 	sn	FAZENDA NOVA BRILHE CAR	ZONA RURAL	MAJOR SALES	RN				2021-03-22 01:59:37+00	2021-03-22 01:59:37+00
25	25	59945-000	Rua Nilza Fernandes	 	640	PREFEITURA MUNICIPAL 	CENTRO	Major Sales	RN				2021-03-22 01:59:37+00	2021-03-22 01:59:37+00
26	26	59940-000	Avenida Senhora Santana	 		FARMACIA SANTA HELENA CENTRO DE LUIS GOMES 	CENTRO	Luís Gomes	RN				2021-03-22 01:59:37+00	2021-03-22 01:59:37+00
27	27			 		CASA DE LUCRECIA ENTRADA DA CIDADE		JOCA CLAUDINO	PB				2021-03-22 01:59:37+00	2021-03-22 01:59:37+00
28	28	58915-000	Rua Senhor Nogueira	 	397	VIZINHO A NAILTON DA TAPEÇARIA	NOSSA SENHORA DE LOURDES	Uiraúna	PB				2021-03-22 01:59:37+00	2021-03-22 01:59:37+00
29	29			 		PRÓXIMO AO FORMIGÃO		LUIS GOMES					2021-03-22 01:59:37+00	2021-03-22 01:59:37+00
30	30	58915-000	RUA JOAO PINTO	 	56	SUPERMERCADO NONATAO	CENTRO	UIRAUNA	PB				2021-03-22 01:59:37+00	2021-03-22 01:59:37+00
31	31	58915-000	Rua Cônego Bernadino	 		CASA DE RAIMUNDO CEZARIO	CENTRO	Uiraúna	PB				2021-03-22 01:59:37+00	2021-03-22 01:59:37+00
32	32	58915-000		 		SERRALHERIA IRAPUAN POR TRAZ DO CLUBE 		UIRAUNA	PB				2021-03-22 01:59:37+00	2021-03-22 01:59:37+00
33	33	58915-000	Rua Manoel Delmiro Fernandes	 		NA RUA DO ANTIGO PARQUE DE VAQUEJADA DE DOUTOR PAULO	RETIRO	Uiraúna	PB				2021-03-22 01:59:37+00	2021-03-22 01:59:37+00
34	34	59940-000	Avenida Julieta Fernandes	 	45	RUA QUE TEM UM CORREMAO DIVIDINDO O MEIO 	CENTRO	Luís Gomes	RN				2021-03-22 01:59:37+00	2021-03-22 01:59:37+00
35	35	58915-000	Rua João Nonato	 	385	EQUIPADORA VIA SOM	NOSSA SENHORA DE LOURDES	Uiraúna	PB				2021-03-22 01:59:37+00	2021-03-22 01:59:37+00
36	36	58915-000	RUA MIGUEL DE SOUZA	 		ULTIMA RUA DA BELA VISTA DO LADO DIREITO, SENTIDO JOCA CLAUDINO 	BELA VISTA	UIRAUNA	PB				2021-03-22 01:59:37+00	2021-03-22 01:59:37+00
37	37	58915-000	Rua Marizete Fernandes Vieira	 		EM FRENTE A JOAO BATISTA DA MARMITA	NOSSA SENHORA DE LOURDES	Uiraúna	PB				2021-03-22 01:59:37+00	2021-03-22 01:59:37+00
38	38	58915-000	Rua João Nonato	 	330	VIZINHO A CASA DE JULIO BRASIL 	NOSSA SENHORA DE LOURDES	Uiraúna	PB				2021-03-22 01:59:37+00	2021-03-22 01:59:37+00
39	39	58915-000	Rua José Joaquim Duarte	 		KI JOIA OPTICA	CENTRO	Uiraúna	PB				2021-03-22 01:59:37+00	2021-03-22 01:59:37+00
40	40	59940-000	Rua Doutor Adolfo Paulino	 		CASA DE DOUTOR PIO, PROXIMO A IGREJA SENHORA SANTANA	CENTRO	Luís Gomes	RN				2021-03-22 01:59:37+00	2021-03-22 01:59:37+00
41	41		SITIO MARIANA	 	SN	ANDRE DO CREDIARIO	ZONA RURAL	LASTRO	PB				2021-03-22 01:59:37+00	2021-03-22 01:59:37+00
42	42		SITIO SANTA GERTRUDES	 		ANTIGO RESTAURANTE PANELA DO SERTAO	ZONA RURAL	VIEIROPOLIS	PB				2021-03-22 01:59:37+00	2021-03-22 01:59:37+00
43	43	58915-000	Rua Major José Fernandes	 		EM FRENTE AO MERCADINHO BOM VIZINHO	NOSSA SENHORA DE LOURDES	Uiraúna	PB				2021-03-22 01:59:37+00	2021-03-22 01:59:37+00
44	44	59940-000	Rua Coronel Antonio Germano	 	106	PROXIMO A IGREJA SENHORA SANTANA	CENTRO	Luís Gomes	RN				2021-03-22 01:59:37+00	2021-03-22 01:59:37+00
45	45	58915-000	Rua Major José Fernandes	 		GRACA DE BOSCO	NOSSA SENHORA DE LOURDES	Uiraúna	PB				2021-03-22 01:59:38+00	2021-03-22 01:59:38+00
46	46	58915-000	RUA RAQUEL MOREIRA PINTO	 	SN	CASA DE GERALDO PINTO	ALGAZA	UIRAUNA	PB				2021-03-22 01:59:38+00	2021-03-22 01:59:38+00
47	47	58915-000	RUA JOSE DEOMIRIO FERNADES 	 	125	DE FRENTE A CRECHE 	ALTO DA BELA VISTA	UIRAUNA 	PB 				2021-03-22 01:59:38+00	2021-03-22 01:59:38+00
48	48	58915-000	RUA PROJETADA	 	sn	NA BR 405 FRENTE AO QUEBRA MOLA 	TAMANDARE	UIRAUNA	PB				2021-03-22 01:59:38+00	2021-03-22 01:59:38+00
49	49	58915-000	RUA FRANCISCO HERMINIO DE QUEIROGA	 	SN	LOTEAMENTO BELEZA	ALGAZA	UIRAUNA	PB				2021-03-22 01:59:38+00	2021-03-22 01:59:38+00
50	50	58915-000	RUA PROJETADA	 	SN	POR TRAZ DA CAIXA DAGUA 	BELA VISTA	UIRAUNA	PB				2021-03-22 01:59:38+00	2021-03-22 01:59:38+00
51	51		RUA DO COMERCIO	 	20	G MATERIAL DE CONTRUCOES	CENTRO	LASTRO	PB				2021-03-22 01:59:38+00	2021-03-22 01:59:38+00
52	52	58915-000	RUA JOSE BARBOSA	 		MADEREIRA ROCHA	CENTRO	UIRAUNA	PB				2021-03-22 01:59:38+00	2021-03-22 01:59:38+00
53	53	58915-000	RUA JOSE EDIVAL DE QUEIROGA 	 	172	VIZINHO A NEO LINE 	CENTRO 	UIRAUNA 	PB 				2021-03-22 01:59:38+00	2021-03-22 01:59:38+00
54	54	58933-000	SITIO MIUMS	 	SN	IRMÃ DE ELIVANILDO, ULTIMAS CASAS DO SITIO. DE FRENTE A UMA SISTERNA 	ZONA RURAL	POÇO DANTAS	PB 				2021-03-22 01:59:38+00	2021-03-22 01:59:38+00
55	55	58915-000	RUA DA PRACA OSVALDO BEZERRA CASCUDO	 	SN	EM FRENTE AOS BANHEIROS DA PRACA 	CENTRO	UIRAUNA	PB				2021-03-22 01:59:38+00	2021-03-22 01:59:38+00
56	56		RUA MANOEL ALEXANDRE 	 	417	EM FRENTE AO TITANIC	CENTRO	PAU DOS FERROS	RN				2021-03-22 01:59:38+00	2021-03-22 01:59:38+00
57	57	58915-000	RUA JOAO PESSOA	 		CASA DE BETANIO DA FARMACIA 	SAO JOSE	UIRAUNA 	PB 				2021-03-22 01:59:38+00	2021-03-22 01:59:38+00
58	58		RUA PROJETADA	 	SN	LOTEAMENTO DE NANINHA, PRIMEIRA RUA A ESQUEDA DEPOIS DA CAIXA DAGUA, DEPOIS DO CALCAMENTO. 	CENTRO	LUIS GOMES	RN				2021-03-22 01:59:38+00	2021-03-22 01:59:38+00
59	59	58915-000	RUA 02 DE DEZEMBRO	 		EM FRENTE A VINO E TICO DO LOJAO	TAMANDARE	UIRAUNA	PB				2021-03-22 01:59:38+00	2021-03-22 01:59:38+00
60	60	58915-000	RUA PROJETADA	 	sn	SAIDA PRA SAO JOAO DEPOIS DO POSTO PAI VEINHO	LOT SAO JORGE 	UIRAUNA	PB				2021-03-22 01:59:38+00	2021-03-22 01:59:38+00
61	61		RUA PROJETADA	 	SN	AURELIO GADELHA	CENTRO	SOUSA	PB				2021-03-22 01:59:38+00	2021-03-22 01:59:38+00
62	62	59945-000	Rua Nilza Fernandes	 	SN	NA BR, CASA AZUL ANTES DA PREFEITURA DO LADO ESQUERDO. MURO GRANDE. 	CENTRO	Major Sales	RN				2021-03-22 01:59:38+00	2021-03-22 01:59:38+00
63	63	58915-000	RUA FRANCISCO XAVIER DE OLIVEIRA	 	SN	CENTRO MEDICO DR DIEGO	GARRAFAO	UIRAUNA	PB				2021-03-22 01:59:38+00	2021-03-22 01:59:38+00
64	64	58915-000	SITIO SANTA UMBELINA	 		FAZENDA DR GERALDO	ZONA RURAL	UIRAUNA	PB				2021-03-22 01:59:38+00	2021-03-22 01:59:38+00
65	65	58915-000	JOSE AUGUSTO DE QUEIROGA 	 	75	EM CIMA DA BELA DORA	CENTRO 	UIRAUNA 					2021-03-22 01:59:38+00	2021-03-22 01:59:38+00
66	66	589	RUA DA CAPELINHAS DE LOURDES	DE FRENTE A CASA DE MICODINA 	87	 	NOSSSA SENHORA DE LOURDES	UIRAUNA	PB				2021-03-22 01:59:38+00	2021-03-22 01:59:38+00
67	67	58915-000	PLACAS	 		POUSADA RODRIGAO	ZONA RURAL	UIRAUNA	RN				2021-03-22 01:59:38+00	2021-03-22 01:59:38+00
68	68	58915-000	RUA PROJETADA	 	SN	EM FRENTE AO PORTAO 	ALGAZA	UIRAUNA	PB				2021-03-22 01:59:38+00	2021-03-22 01:59:38+00
69	69	58915-000	Rua Antônio Claudino de Galiza	 	SN	VIZINHO DERY DE LILA	TAMANDARE	Uiraúna	PB				2021-03-22 01:59:38+00	2021-03-22 01:59:38+00
70	70	58915-000	Rua João Nonato	 	111	EM FRENTE A HUMBERTO VEREADOR 	NOSSA SENHORA DE LOURDES	Uiraúna	PB				2021-03-22 01:59:38+00	2021-03-22 01:59:38+00
71	71		RUA PROJETADA	 	SN	CASA DE ITAMAR MOREIRA PREFEITO	CENTRO	POCO DANTAS	PB				2021-03-22 01:59:38+00	2021-03-22 01:59:38+00
72	72	58915-000	RUA MANOEL MARIANO	 	SN	CASA DE CLAUDIO DO CARTORIO	NOSSA SENHORA DE LOURDES	UIRAUNA	PB				2021-03-22 01:59:38+00	2021-03-22 01:59:38+00
73	73	58915-000	RUA PROJETADA	 	SN	APARTAMENTO DE CHICO NECO JOSA, PROXIMO A ZE FILHO DE CLECIA. 	NOSSA SENHORA DE LOURDES	UIRAUNA	PB				2021-03-22 01:59:38+00	2021-03-22 01:59:38+00
74	74	58915-000	Rua João Nonato	 		CASA DE JULIO BRASIL	NOSSA SENHORA DE LOURDES	Uiraúna	PB				2021-03-22 01:59:38+00	2021-03-22 01:59:38+00
75	75	59940-000	RUA CORONEL ANTONIO FERNANDES SOBRINHO	 	300	PREFEITURA MUNICIPAL	CENTRO	LUIS GOMES	RN				2021-03-22 01:59:38+00	2021-03-22 01:59:38+00
76	76	58915-000	Rua Capitão Israel	 		LOJA DESCONTAO FRENTE A PRACA PADRE FRANCA 	CENTRO	Uiraúna	PB				2021-03-22 01:59:38+00	2021-03-22 01:59:38+00
77	77	58915-000	RUA PROJETADA	 	SN 	PROXIMO A CASA DE GERALDO COCERINHA. CUNHADO DE ANA 	NOSSA SENHORA DE LOURDES	UIRAUNA 	PB 				2021-03-22 01:59:38+00	2021-03-22 01:59:38+00
78	78	58915-000	RUA PROJETADA	 	SN 	DE FRENTE A CASA DA VIUVA DE BRANCOS DOS CORREIOS.		UIRAUNA 	PB 				2021-03-22 01:59:38+00	2021-03-22 01:59:38+00
79	79	58915-000	RUA JOSE BARBOSA	 	319	PRÓXIMO AO POSTO SÃO JOSÉ 	CENTRO	UIRAUNA 	PB				2021-03-22 01:59:38+00	2021-03-22 01:59:38+00
80	80	58933-000	Rua Odilon Francisco de Oliveira	 	34	PROXIMO A PREFEITURA	CENTRO	Poço Dantas	PB				2021-03-22 01:59:38+00	2021-03-22 01:59:38+00
81	81	58915-000	Rua Major José Fernandes	 		CASA DE DR BENICINHO	NOSSA SENHORA DE LOURDES	Uiraúna	PB				2021-03-22 01:59:38+00	2021-03-22 01:59:38+00
82	82	58915-000	RUA DOIS DE DEZEMBRO	 		EM FRENTE A LUCAS SOARES	TAMANDARE	UIRAUNA	PB				2021-03-22 01:59:38+00	2021-03-22 01:59:38+00
83	83	58915-000	RUA POETA FRANCISCO EVARISTO	 		DISTRIBUIDORA - SAIDA PRA SOUSA 	GARRAFAO 	UIRAUNA	PB				2021-03-22 01:59:38+00	2021-03-22 01:59:38+00
84	84	58915-000	Rua Poeta Francisco Evaristo	 		DEPOSITO DE AGUA - FRENTE AO POSTO SAO JOSE 	GARRAFAO	Uiraúna	PB				2021-03-22 01:59:38+00	2021-03-22 01:59:38+00
85	85	58915-000	Rua Senhor Nogueira	 		CORRINHA DE LO 	NOSSA SENHORA DE LOURDES	Uiraúna	PB				2021-03-22 01:59:38+00	2021-03-22 01:59:38+00
86	86	59940-000	Rua Julio Germano	 	05	 	COHABE	Luís Gomes	RN				2021-03-22 01:59:38+00	2021-03-22 01:59:38+00
87	87	58915-000	Rua Silvestre Claudino	 		CASA DE DR BOSCO	NOSSA SENHORA DE LOURDES	Uiraúna	PB				2021-03-22 01:59:38+00	2021-03-22 01:59:38+00
88	88		DISTRITO DE BANDARRA	 		 	ZONA RURAL	SAO JOAO DO RIO DO PEIXE 	PB				2021-03-22 01:59:38+00	2021-03-22 01:59:38+00
89	89	58915-000	Rua Francisco Fernandes Nogueira	 	74	POR TRAZ DO GINASIO AZULAO	ALGAZA	Uiraúna	PB				2021-03-22 01:59:38+00	2021-03-22 01:59:38+00
90	90	58915-000	RUA TENENTE JOSA	 		AO LADO DA NEO LINE 	CENTRO	UIRAUNA	PB				2021-03-22 01:59:38+00	2021-03-22 01:59:38+00
91	91	58915-000	Rua Capitão Israel	 	242	FRANK MERCANTIL 	CENTRO	Uiraúna	PB				2021-03-22 01:59:38+00	2021-03-22 01:59:38+00
92	92	58915-000	Rua João Nonato	 		AO LADO DA VIA SOM EQUIPADORA	NOSSA SENHORA DE LOURDES	Uiraúna	PB				2021-03-22 01:59:38+00	2021-03-22 01:59:38+00
93	93	58915-000	Rua João Nonato	 	118	CASA DE HUMBERTO VEREADOR 	NOSSA SENHORA DE LOURDES	Uiraúna	PB				2021-03-22 01:59:38+00	2021-03-22 01:59:38+00
94	94	58915-000	RUA SAO FRANCISCO	 		VIZINHO A CARNEIRINHO	TAMANDARE	UIRAUNA	PB				2021-03-22 01:59:38+00	2021-03-22 01:59:38+00
95	95	58915-000	Rua Euclides Fernandes	 	SN 	PRÓXIMO AO RESTAURANTE VARANDA. 		Uiraúna	PB				2021-03-22 01:59:38+00	2021-03-22 01:59:38+00
96	96	58915-000	RUA SENHOR NOGUEIRA	 	430	CASA DE ASSIS DA NEO LINE	NOSSA SENHORA DE LOURDES	UIRAUNA	PB				2021-03-22 01:59:38+00	2021-03-22 01:59:38+00
97	97	58915-000	RUA FRANCISCO XAVIER DE OLIVEIRA	 		CASA DE ROMANO DEPOIS DA DE VALDEMAR CONTADOR	GARRAFAO	UIRAUNA	PB				2021-03-22 01:59:38+00	2021-03-22 01:59:38+00
98	98	58915-000	Rua Francisco Euclides Fernandes	 		BOM PASSO CALCADOS	CENTRO	Uiraúna	PB				2021-03-22 01:59:38+00	2021-03-22 01:59:38+00
99	99		FAZENDA NOVA	 	SN	SAIDA PARA POCO DANTAS EM FRENTE AO BAR E BORRACHARIA DO ZE	ZONA RURAL	JOCA CLAUDINO	PB				2021-03-22 01:59:38+00	2021-03-22 01:59:38+00
100	100	58915-000	Rua Major José Fernandes	 		LOJA M&C FASHION	CENTRO	Uiraúna	PB				2021-03-22 01:59:38+00	2021-03-22 01:59:38+00
101	101	58915-000	Rua José Joaquim Duarte	 		CASA CHICO QUEIROGA	CENTRO	Uiraúna	PB				2021-03-22 01:59:38+00	2021-03-22 01:59:38+00
102	102	58915-000	Rua Senhor Nogueira	 	16	VIZINHO AO POSTO DE ZARU	SANTO ESPEDITO 	Uiraúna	PB				2021-03-22 01:59:38+00	2021-03-22 01:59:38+00
103	103	58915-000	Rua Capitão Israel	 	296	DE FRENTE A PRAÇA PADRE FRANÇA.	CENTRO	Uiraúna	PB				2021-03-22 01:59:38+00	2021-03-22 01:59:38+00
104	104	58915-000	RUA JOSE BARBOSA	 		AO LADO DO HOSPITAL MENINO JESUS	GARRAFAO	UIRAUNA	PB				2021-03-22 01:59:38+00	2021-03-22 01:59:38+00
105	105	58915-000	RUA ANTONIO MARIZ 	RUA DA CAGEPA 	SN 	RUA DE NAILTON DA TAPEÇARIA .	BELA VISTA 	UIRAUNA 	PB 				2021-03-22 01:59:38+00	2021-03-22 01:59:38+00
106	106	58915-000	SITIO TIGRE	 	SN	PROXIMO AO BAR DE CHICAO 	ZONA RURAL	UIRAUNA	PB				2021-03-22 01:59:38+00	2021-03-22 01:59:38+00
107	107	58915-000	RUA MANOEL MARIANO	 	67	RUA DA CADEIA 	NOSSA SENHORA DE LOURDES	UIRAUNA	PB				2021-03-22 01:59:38+00	2021-03-22 01:59:38+00
108	108	58915-000	Rua Silvestre Claudino	 	204	DE FRENTE A DR PAULO 	NOSSA SENHORA DELOURDES	Uiraúna	PB				2021-03-22 01:59:38+00	2021-03-22 01:59:38+00
109	109	58915-000	Rua Euclides Fernandes	 		FRENTE A ESCOLA JOVELINA GOMES	SAO JOSE	Uiraúna	PB				2021-03-22 01:59:38+00	2021-03-22 01:59:38+00
110	110	58915-000	RUA MAJOR JOSE FERNANDES	 		CASA DE ZE FERNANDES VEREADOR	NOSSA SENHORA DE LOURDES	UIRAUNA	PB				2021-03-22 01:59:38+00	2021-03-22 01:59:38+00
111	111	58915-000	Rua Silvestre Claudino	 		CASA DE CONSOLA DE AZULAO	NOSSA SENHORA DE LOURDES	Uiraúna	PB				2021-03-22 01:59:38+00	2021-03-22 01:59:38+00
112	112	58915-000	RUA SAO FRANCISCO	 	108	VIZINHO A AMILTON UMA CASA AMARELA	TAMANDARE	UIRAUNA	PB				2021-03-22 01:59:38+00	2021-03-22 01:59:38+00
113	113	58915-000	RUA JOSE CLAUDINO DE GALIZA	 	31	VIZINHO A CASA DE SALES - SAIDA PRA QUIXABA. DEPOIS DA CASA DE ZE CAETANO CONTADOR. 	GARRAFAO	UIRAUNA	PB				2021-03-22 01:59:38+00	2021-03-22 01:59:38+00
114	114	58915-000	SITIO TIGRE	 	SN	VIZINHO A CHICAO DO BAR - PERGUNTAR POR TORO	ZONA RURAL	UIRAUNA	PB				2021-03-22 01:59:38+00	2021-03-22 01:59:38+00
115	115	58922-000	GABRIELA TEREZINHA MARTINS 	 	SN 	POR TRAIS DO PORTAL. 	CIRILO COSTA 	BERNADINO BATISTA 	PB 				2021-03-22 01:59:38+00	2021-03-22 01:59:38+00
116	116	58915-000	RUA DO CEMITERIO	 	sn	DO LADO DO CEMITERIO	NOSSA SENHORA DE LOURDES	UIRAUNA	PB				2021-03-22 01:59:38+00	2021-03-22 01:59:38+00
117	117	58915-000	ANTONIO VICENTE 	 	SN 	LOTEAMENTO DE VALDI	BELA VISTA 	UIRAUNA 	PB 				2021-03-22 01:59:38+00	2021-03-22 01:59:38+00
118	118		SITIO POMPEIA	 	SN	MERCADINHO DE GERSINHO 3KM DO CONTORNO DO LASTRO	ZONA RURAL	VIEIROPOLIS	PB				2021-03-22 01:59:38+00	2021-03-22 01:59:38+00
119	119		RUA EDNETE ABRANTES DE ABREU	 	68	LOJA DE ROUPA, PROXIMO A PREFEITURA NUMA ESQUINA. 	CENTRO	BERNARDINO BATISTA	PB				2021-03-22 01:59:38+00	2021-03-22 01:59:38+00
120	120	58915-000	LOJA ARMARINHO MORAIS	 		LOJA ARMARINHO MORAIS	CENTRO	UIRAUNA	PB				2021-03-22 01:59:38+00	2021-03-22 01:59:38+00
121	121	58915-000	RUA FRANCISCO XAVIER DE OLIVEIRA	 		 	GARRAFAO	UIRAUNA	PB				2021-03-22 01:59:38+00	2021-03-22 01:59:38+00
122	122		RUA DO HOSPITAL	 		PROXIMO AO HOSPITAL 	CENTRO	LASTRO	PB				2021-03-22 01:59:38+00	2021-03-22 01:59:38+00
123	123		MINERO	 		MINERO - SAIDA PRA ALEXANDRIA	ZONA RURAL	TENENTE ANANIAS 	RN				2021-03-22 01:59:38+00	2021-03-22 01:59:38+00
124	124	58915-000	RUA MAJOR JOSE FERNANDES	 		REGIO TEM DE TUDO! 	CENTRO	UIRAUNA	PB				2021-03-22 01:59:38+00	2021-03-22 01:59:38+00
125	125	58915-000	FLORIANO PEIXOTO	 	325	DE FRENTE AO GÁS BRASIL GÁS,	RETIRO 2	UIRAUNA	PB				2021-03-22 01:59:38+00	2021-03-22 01:59:38+00
126	126	58915-000	Rua Capitão Israel	 	SN 	DE FRENTE AO GALEGO DA CEBOLA 	Parque São Jorge	Uiraúna	PB				2021-03-22 01:59:38+00	2021-03-22 01:59:38+00
127	127	58928-000	Rua José Ezequiel Onorato	 	190	MERCADO DE MANINHO	CENTRO	Joca Claudino	PB				2021-03-22 01:59:38+00	2021-03-22 01:59:38+00
128	128	59940-000	Avenida Senhora Santana	 	SN 	AVENIDA SENHORA SANTANA 	CENTRO 	Luís Gomes	RN				2021-03-22 01:59:38+00	2021-03-22 01:59:38+00
129	129	59940-000	RUA DOS FUNCIONARIOS 	 	103	 	CENTRO 	LUIS GOMES 	RN 				2021-03-22 01:59:38+00	2021-03-22 01:59:38+00
130	130	58915-000	SITIO ARROJADO	 	SN 	PROXIMO AO PARQUE DE VAQUEJADA 	ZONA RURAL	UIRAUNA	PB 				2021-03-22 01:59:38+00	2021-03-22 01:59:38+00
131	131	58915-000	RUA FRANCISCO NOGUEIRA FERNANDES	 	SN	PROXIMO AO POSTO CAPIVARA	ALGAZA 	UIRAUNA	PB				2021-03-22 01:59:38+00	2021-03-22 01:59:38+00
132	132	59940-000	Rua Zeo Fernandes	 		HAROLDO OFICIAL DE JUSTICA	CENTRO	Luís Gomes	RN				2021-03-22 01:59:38+00	2021-03-22 01:59:38+00
133	133	58915-000	RUA FLORIANO PEIXOTO	 		MERCADO AO LADO DA RODOVIARIA	SAO JOSE	UIRAUNA	PB				2021-03-22 01:59:38+00	2021-03-22 01:59:38+00
134	134	58915-000	Rua Francisco Leão Veloso	 	28	AO LADO DA IGREJA 	CENTRO	Uiraúna	PB				2021-03-22 01:59:38+00	2021-03-22 01:59:38+00
135	135	58915-000	RUA JOÃO NONATO 	 	SN 	VIZINHO A CASA DE ANTONIO FILHO DA AKY CEL 	NOSSA SENHORA DE LOURDES 	UIRAUNA 	PB 				2021-03-22 01:59:38+00	2021-03-22 01:59:38+00
136	136	58915-000	SITIO SIRIEMA	 	sn	SEGUNDO MAIS ENGENHARIA	ZONA RURAL	UIRAUNA	PB				2021-03-22 01:59:38+00	2021-03-22 01:59:38+00
137	137	58915-000	Rua Major José Fernandes	 		CASA DE DR MARCOS AURELIO - DEPOIS DA LAVANDERIA. 	NOSSA SENHORA DE LOURDES	Uiraúna	PB				2021-03-22 01:59:38+00	2021-03-22 01:59:38+00
138	138	58915-000	Rua Cônego Bernadino	 		CASA DE DEMOSTENES CEZARIO - NA RUA DO COLEGIO AFONSO PEREIRA	CENTRO	Uiraúna	PB				2021-03-22 01:59:38+00	2021-03-22 01:59:38+00
139	139	58915-000	RUA PROJETADA	 	SN	VIZINHO A JOSE AUGUSTO BCM	NOSSA SENHORA DE LOURDES	UIRAUNA	PB				2021-03-22 01:59:38+00	2021-03-22 01:59:38+00
140	140	58915-000	RUA PROJETADA	 	SN	 	GARRAFAO	UIRAUNA	PB				2021-03-22 01:59:38+00	2021-03-22 01:59:38+00
141	141	58915-000	RUA JOAO MIGUEL DE SOUSA	 	SN	ULTIMA RUA DO LADO DIREITO SAINDO PARA JOCA CLAUDINO	BELA VISTA	UIRAUNA	PB				2021-03-22 01:59:38+00	2021-03-22 01:59:38+00
142	142	59945-000	Rua Nilza Fernandes	 	SN	ARAUJO ELETROMOVEIS - NA BR 	CENTRO	Major Sales	RN				2021-03-22 01:59:38+00	2021-03-22 01:59:38+00
143	143	58915-000	Rua Major José Fernandes	 	SN	PROXIMO A LAVANDERIA	NOSSA SENHORA DE LOURDES	Uiraúna	PB				2021-03-22 01:59:38+00	2021-03-22 01:59:38+00
144	144		SITIO CACHOEIRA	 	SN	VALDIR 	ZONA RURAL	VIEIROPOLIS	PB				2021-03-22 01:59:38+00	2021-03-22 01:59:38+00
145	145	58915-000	Rua Major José Fernandes	 	SN	VIZINHO AO MERCADINHO BOM VIZINHO	NOSSA SENHORA DE LOURDES	Uiraúna	PB				2021-03-22 01:59:38+00	2021-03-22 01:59:38+00
146	146		RUA DO MIRANTE 	 	SN	PROXIMO AO MIRANTE 	CENTRO	LUIS GOMES	RN				2021-03-22 01:59:38+00	2021-03-22 01:59:38+00
147	147	58915-000	Rua Adelino Correia de Queiroga	 	sn	RUA DE ZE DE ZE CAETANO	GARRAFAO	Uiraúna	PB				2021-03-22 01:59:38+00	2021-03-22 01:59:38+00
148	148		RUA PROJETADA	 	SN	CASA DE TUTUTA PREFEITO DE LUIS GOMES	CENTRO	LUIS GOMES	RN				2021-03-22 01:59:38+00	2021-03-22 01:59:38+00
149	149	59955-000	Rua Jose Moreira do Nascimento	 		MERCADO 	CENTRO	Tenente Ananias	RN				2021-03-22 01:59:38+00	2021-03-22 01:59:38+00
150	150	58915-000	RUA JOSE BARBOSA	 		LOJA TROPICAL MAGAZINE - DEPOIS DO BRADESCO	CENTRO	UIRAUNA	PB				2021-03-22 01:59:38+00	2021-03-22 01:59:38+00
151	151	58915-000	RUA PROJETADA	 	SN	CASA DE ZÉ FILHO MEU PRIMO	NOSSA SENHORA DE LOURDES 	UIRAUNA 	PB				2021-03-22 01:59:38+00	2021-03-22 01:59:38+00
152	152	58925-000	Rua Elaine Soares Brasileiro	 	133	FICA DEPOIS DA DELEGACIA QUASE CHEGANDO NA PRACA DE EVENTOS	CENTRO	Santa Helena	PB				2021-03-22 01:59:38+00	2021-03-22 01:59:38+00
153	153	59900-000	MANOEL ALEXANDRE	 	417	 		PAU DOS FERROS	RN 				2021-03-22 01:59:38+00	2021-03-22 01:59:38+00
154	154		SITIO VARZEA DE CACIMBA II	 	SN	DEPOIS DO POSTO CARRAPICHO LADO ESQUERDO 	ZONA RURAL	JOCA CLAUDINO	PB				2021-03-22 01:59:38+00	2021-03-22 01:59:38+00
155	155	59950-000	RUA BEJAMIN CONSTANTE	 	105	CASA DE BRANCA DE TATI	CENTRO	PARANA	RN				2021-03-22 01:59:38+00	2021-03-22 01:59:38+00
156	156	58915-000	RUA MARIA DE FATIMA VIEIRA	 	69	EM FRENTE A HELIO GALIZA	NOSSA DE LOURDES 	UIRAUNA	PB				2021-03-22 01:59:38+00	2021-03-22 01:59:38+00
157	157		RUA ANITA FONTES	 	70	CASA DE ALGUIBERTO MORAIS DA FARMACIA	CENTRO	LUIS GOMES	RN				executed  2021-03-22 01:59:39+00	2021-03-22 01:59:39+00
158	158	58915-000	Rua José Viêira Bujari	XXXXX	247	G3 ACADÊMIA.	XXXXXX	Uiraúna	PB				executed  2021-03-22 01:59:39+00	2021-03-22 01:59:39+00
159	159	58915-000	CONJUNTO MARIZ 	 	02	AO LADO DA OFICINA DE NICASIO.	AABB	UIRAUNA 	PB				executed  2021-03-22 01:59:39+00	2021-03-22 01:59:39+00
160	160	58915-000	Rua João Nonato	 	SN	SERRARIA 	NOSSA SENHORA DE LOURDES	Uiraúna	PB				executed  2021-03-22 01:59:39+00	2021-03-22 01:59:39+00
161	161	58915-000	RUA JOSE GALDINO NETO	 	125	DO LADO DO PORTAL DE ENTRADA - SAIDA PARA CAJAZEIRAS	ALGAZA	UIRAUNA	PB				executed  2021-03-22 01:59:39+00	2021-03-22 01:59:39+00
162	162	58915-000	RUA SÃO FRANCISCO 	 	SN	FINAL DA RUA, PRÓXIMO A PISTA.\n	TAMADARÉ 	UIRUANA 	PB				executed  2021-03-22 01:59:39+00	2021-03-22 01:59:39+00
163	163	58915-000	Rua Silvestre Claudino	 		CASA DE JAILMA QUIXABA	NOSSA SENHORA DE LOURDES	Uiraúna	PB				executed  2021-03-22 01:59:39+00	2021-03-22 01:59:39+00
164	164	58915-000	SITIO SIRIEMA	 	SN	DEPOIS DA ARENA BALEIA PRIMEIRA A DIREITA 	ZONA RURAL	UIRAUNA	PB				executed  2021-03-22 01:59:39+00	2021-03-22 01:59:39+00
165	165	58915-000	RUA JOAO BATISTA DA SILVA	 	SN	CASA DE LIU DE VITOR	BELEM NOVO	UIRAUNA	PB				executed  2021-03-22 01:59:39+00	2021-03-22 01:59:39+00
166	166		SITIO JAPAO	 	sn	EM FRENTE A SUCATA DEPOIS DO POSTO DE TADEU INDO PARA MAJOR SALES	ZONA RURAL	LUIS GOMES	RN				executed  2021-03-22 01:59:39+00	2021-03-22 01:59:39+00
167	167		RUA PROJETADA	 	SN	POR TRAZ DA IGREJA	CENTRO	LUIS GOMES	RN				executed  2021-03-22 01:59:39+00	2021-03-22 01:59:39+00
168	168	58915-000	RUA PROJETADA	 		ZE CAETANO CONTADOR 	GARRAFAO	UIRAUNA	PB				executed  2021-03-22 01:59:39+00	2021-03-22 01:59:39+00
169	169	58915-000	Rua Silvestre Claudino	 	240	EM FRENTE A CASA DE DOUTOR BOSCO	NOSSA SENHORA DE LOURDES	Uiraúna	PB				executed  2021-03-22 01:59:39+00	2021-03-22 01:59:39+00
170	170	58915-000	JOÃO NONATO	 	37	NO BECO SEM SAIDA	XXXX	UIRAUNA	PB				executed  2021-03-22 01:59:39+00	2021-03-22 01:59:39+00
171	171		RUA PROJETADA	 	SN	 	CENTRO	VIEIROPOLIS	PB				executed  2021-03-22 01:59:39+00	2021-03-22 01:59:39+00
172	172	58915-000	Rua Francisco Corrêa Queiroga	 		DEPOIS DE CLEDNO SANTIAGO	BELA VISTA	Uiraúna	PB				executed  2021-03-22 01:59:39+00	2021-03-22 01:59:39+00
173	173	58915-000	Rua Silvestre Claudino	 	SN	EM FRENTE A CASA DE IVAN VIA SOM - PROXIMO A PRACA JOCA CLAUDINO	NOSSA SENHORA DE LOURDES	Uiraúna	PB				executed  2021-03-22 01:59:39+00	2021-03-22 01:59:39+00
174	174	58915-000	Rua Olímpio Mariano	 	111	 	NOSSA SENHORA DE LOURDES 	Uiraúna	PB				executed  2021-03-22 01:59:39+00	2021-03-22 01:59:39+00
175	175	58915-000	SITIO VAZANTE	 	sn	POR TRAS DA CAPELA 	ZONA RURAL	UIRAUNA	PB				executed  2021-03-22 01:59:39+00	2021-03-22 01:59:39+00
176	176	59945-000	Rua Francisco Andre de Morais	 	195	NA RUA DA ESCOLA MUNICIPAL SAO JOAO BATISTA	CENTRO	Major Sales	RN				executed  2021-03-22 01:59:39+00	2021-03-22 01:59:39+00
177	177	59940-000	Rua Ester Fernandes de Figueiredo	 	10	CASA VERMELHA PORTAO BRANCO	CENTRO	Luís Gomes	RN				executed  2021-03-22 01:59:39+00	2021-03-22 01:59:39+00
178	178		RUA CINQUENTA E DOIS	 	242	ENTRA DO LADO DO CEMITERIO		CAJAZEIRAS	PB				executed  2021-03-22 01:59:39+00	2021-03-22 01:59:39+00
179	179		BR 405	 		SAIDA PARA MARIZIPOLIS 	CENTRO	SAO JOAO DO RIO DO PEIXE					executed  2021-03-22 01:59:39+00	2021-03-22 01:59:39+00
180	180			 		OFICINA DE NENEM POR TRAZ DO POSTO NOVO 	CENTRO	TENENTE ANANIAS					executed  2021-03-22 01:59:39+00	2021-03-22 01:59:39+00
181	181	58933-000	Rua Elisvaldo Carvalho de Almeida	 	29	MERCADO FREI DAMIAO 	CENTRO	Poço Dantas	PB				executed  2021-03-22 01:59:39+00	2021-03-22 01:59:39+00
182	182	58915-000	Rua José Viêira Bujari	 		DO LADO DA FARMACIA DE MARCOS AURELIO DE QUEIROGA	CENTRO	Uiraúna	PB				executed  2021-03-22 01:59:39+00	2021-03-22 01:59:39+00
183	183		BR 405	 		LEITE 	SAO JORGE	UIRAUNA					executed  2021-03-22 01:59:39+00	2021-03-22 01:59:39+00
184	184	58933-000	RUA ODILON FRANCISCO DE OLIVEIRA 	 		 	CENTRO	POCO DANTAS	PB				2021-03-23 12:38:47+00	2021-03-23 12:38:47+00
185	185	58915-000	RUA JOAO NONATO	 		AO LADO DA CASA DE THIAGO DE AZULAO	NOSSA SENHORA DE LOURDES	UIRAUNA	PB				2021-03-23 12:54:24+00	2021-03-23 12:54:24+00
186	186	58915-000	RUA DA CADEIA	 		QUASE DE FRENTE A CADEIA PUBLICA 	CENTRO	UIRAUNA	PB				2021-03-23 13:12:30+00	2021-03-23 13:12:30+00
187	187	58915-000	RUA TENENTE JOSA	 	152	VIZINHO A NEO LINE	CENTRO	UIRAUNA	PB				2021-03-23 13:21:18+00	2021-03-23 13:21:18+00
188	194	58915-000	RUA MAJOR JOSE FERNANDES	 	SN	FINAL DA RUA EM FRENTE A CASA DE NAIRTON DA JUVANA MOVEIS	NOSSA SENHORA DE LOURDES	UIRAUNA	PB				2021-03-25 18:53:40+00	2021-03-25 18:53:40+00
189	195	58915-000	RUA JOSE BARBOSA	 	SN	POUSADA SAO JOSE	GARRAFAO	UIRUANA	PB				2021-03-25 18:55:44+00	2021-03-25 18:55:44+00
190	196	58915-000	RUA PROJETADA	 	SN	POR TRAS DA OFICINA DE DINDIM 	ALGAZA	UIRAUNA	PB				2021-03-25 20:09:13+00	2021-03-25 20:09:13+00
191	197	58915-000	RUA JOSE JOAQUIM DUARTE	 	267	PROXIMO DO DETRAN 	CENTRO	UIRAUNA	PB				2021-03-26 17:10:10+00	2021-03-26 17:10:10+00
192	198		SITIO URSAS	 	SN	PROXIMO AO ALGAROBAR	ZONA RURAL	JOCA CLAUDINO	PB				2021-03-26 18:57:39+00	2021-03-26 18:57:39+00
\.


--
-- TOC entry 3042 (class 0 OID 16605)
-- Dependencies: 213
-- Data for Name: clients; Type: TABLE DATA; Schema: public; Owner: postgres
--

COPY public.clients (id, name, cpf, apelido, contato, created_at, updated_at) FROM stdin;
1	LARISSA IRMA DE LUIS NETO	 	LARISSA IRMÃ DE LUIS NETO	(83) 98140-5162	2021-03-22 01:59:35+00	2021-03-22 01:59:35+00
2	CLODOALDO VIEIRA MARTINS	 	CLODOALDO DO RESTAURANRE	(83) 99362-2130	2021-03-22 01:59:35+00	2021-03-22 01:59:35+00
3	MOACIR MENDES	 	MOACIR DO CREDIARIO	(84) 99954-0658	2021-03-22 01:59:35+00	2021-03-22 01:59:35+00
4	THAIS	 	THAIS DE DALVA PAULA	(83) 99183-2768	2021-03-22 01:59:35+00	2021-03-22 01:59:35+00
5	ALBERTINHO	 	ALBERTINHO DIVISA MOTEL	(83) 99627-6126	2021-03-22 01:59:35+00	2021-03-22 01:59:35+00
6	PINHEIRO	 	PINHEIRO LUIS GOMES	(84) 99900-4340	2021-03-22 01:59:36+00	2021-03-22 01:59:36+00
7	FRANCISCO GADELHA	 	FRANCISCO AGUA LARA	(85) 98782-8209	2021-03-22 01:59:36+00	2021-03-22 01:59:36+00
8	ANA MARIA PINHEIRO	052.615.834-46	ANA 	(83) 99113-0619	2021-03-22 01:59:36+00	2021-03-22 01:59:36+00
9	THAIS SANTOS DE ANDRADE	 	THAIS	(83) 98102-2116	2021-03-22 01:59:36+00	2021-03-22 01:59:36+00
10	FRANCISCO DE ASSIS DO NASCIMENTO	055.919.134-07	 FRANCISCO LASTRO	(83) 98183-9056	2021-03-22 01:59:36+00	2021-03-22 01:59:36+00
11	RICARDO CEZARIO 	 	RICARDO CEZARIO  	(83) 99970-3312	2021-03-22 01:59:36+00	2021-03-22 01:59:36+00
12	MARIA DAS GRACAS VIEIRA ABRANTES	 	GRACA DA ACADEMIA	(84) 99662-0330	2021-03-22 01:59:36+00	2021-03-22 01:59:36+00
13	RAUL OLIVEIRA	 	RAUL MEGA SORTEIO	(83) 99921-1037	2021-03-22 01:59:36+00	2021-03-22 01:59:36+00
14	MARIA DO ROSARIO 	 	MARIA DO ROSARIO 	(84) 99844-6683	2021-03-22 01:59:36+00	2021-03-22 01:59:36+00
15	ISLAMARQUE PINHEIRO RODRIGUES	 	ISLAMARQUE	(84) 99846-7409	2021-03-22 01:59:36+00	2021-03-22 01:59:36+00
16	HEGILA MOURA	 	HEGILA ESPOSA DE IGUINHO	(83) 99655-1113	2021-03-22 01:59:36+00	2021-03-22 01:59:36+00
17	CLOVIS MATERIAIS DE CONTRUCOES	 	CLOVIS MAT CONTRUCOES	(83) 99609-3715	2021-03-22 01:59:36+00	2021-03-22 01:59:36+00
18	LUIS GONZAGA FERNANDES DA SILVA	 	LUIZ GONZAGA	(83) 99643-9364	2021-03-22 01:59:36+00	2021-03-22 01:59:36+00
19	JOSE NILSON SANTIAGO SEGUNDO	 	SEGUNDO SANTIAGO	(83) 99997-3253	2021-03-22 01:59:36+00	2021-03-22 01:59:36+00
20	MARIA ELCE	 	MARIA ELCE	(84) 99861-4510	2021-03-22 01:59:36+00	2021-03-22 01:59:36+00
21	GILDECI QUEIROGA VIEIRA	 	SIZIM DO MATO GROSSO	(83) 99112-8908	2021-03-22 01:59:36+00	2021-03-22 01:59:36+00
22	ROSANGELA MARIA DA CONCEICAO	 	ROSANGELA DO MERCADINHO PRECO BAIXO	(84) 99655-4070	2021-03-22 01:59:36+00	2021-03-22 01:59:36+00
23	VALDEMIR 	 	VALDEMIR DO COMERCIO	(83) 99932-1736	2021-03-22 01:59:36+00	2021-03-22 01:59:36+00
24	DERMIVAL	 	DERMIVAL BRILHE CAR	(85) 99665-4545	2021-03-22 01:59:36+00	2021-03-22 01:59:36+00
25	PREFEITURA MAJOR SALES	 	PREFEITURA MAJOR SALES	(84) 98158-1906	2021-03-22 01:59:36+00	2021-03-22 01:59:36+00
26	EPTASSIO	 	EPTASSIO DA FARMACIA	(84) 98721-2801	2021-03-22 01:59:36+00	2021-03-22 01:59:36+00
27	OTAVIO NETO	 	OTAVIO - LUCRECIA 	(83) 99691-4368	2021-03-22 01:59:36+00	2021-03-22 01:59:36+00
28	PAULA QUEIROGA	 	IRMÃ DE DADÁ 	(83) 99327-4692	2021-03-22 01:59:36+00	2021-03-22 01:59:36+00
29	CLAUDINHO  DO POSTO	 	CLAUDINHO DO POSTO	(84) 99625-8217	2021-03-22 01:59:36+00	2021-03-22 01:59:36+00
30	NEL 	 	NEL NONATAO	(83) 99614-0700	2021-03-22 01:59:36+00	2021-03-22 01:59:36+00
31	RAIMUNDO CEZARIO	 	RAIMUNDO CEZARIO	(83) 99954-9635	2021-03-22 01:59:36+00	2021-03-22 01:59:36+00
32	LUIS IRAPUAN	 	LUIZ IRAPUAN	(83) 99997-0108	2021-03-22 01:59:36+00	2021-03-22 01:59:36+00
33	ROMARIO TAVARES	 	ROMARIO TAVARES	(83) 99368-7893	2021-03-22 01:59:36+00	2021-03-22 01:59:36+00
34	EDILSON LEMOS	 	LEMOS	(84) 99956-3559	2021-03-22 01:59:36+00	2021-03-22 01:59:36+00
35	IVAN	 	IVAN VIA SOM	(83) 99914-7576	2021-03-22 01:59:36+00	2021-03-22 01:59:36+00
36	RENAN ALMEIDA	 	RENAN ALMEIDA	(83) 99949-4744	2021-03-22 01:59:36+00	2021-03-22 01:59:36+00
37	CARLA RAESKA 	 	RAESKA	(83) 99826-3436	2021-03-22 01:59:36+00	2021-03-22 01:59:36+00
38	MALU OLIVEIRA	 	MALU FILHA DE BODINHO	(83) 99912-3605	2021-03-22 01:59:36+00	2021-03-22 01:59:36+00
39	PAULO CESAR	 	PAULO CESAR DA KI JOIA OPTICA	(83) 99145-4432	2021-03-22 01:59:36+00	2021-03-22 01:59:36+00
40	MARIANA FERNANDES	 	MARIANA FERNANDES	(84) 99982-3638	2021-03-22 01:59:36+00	2021-03-22 01:59:36+00
41	ANDRE 	 	ANDRE DA MARIANA	(83) 98133-2449	2021-03-22 01:59:36+00	2021-03-22 01:59:36+00
42	ASSIS FURTADO	 	ASSIS FURTADO	(83) 99999-5375	2021-03-22 01:59:36+00	2021-03-22 01:59:36+00
43	DANIEL NETO	 	DANIEL DE FERNANDINHO	(83) 99928-4555	2021-03-22 01:59:36+00	2021-03-22 01:59:36+00
44	MARIA LIDUINA CAVALCANTE REBOUCAS	163.494.153-53	LIDUINA	(84) 99614-9820	2021-03-22 01:59:36+00	2021-03-22 01:59:36+00
45	GRACA DE BOSCO	 	GRACA DE BOSCO	(83) 99140-4928	2021-03-22 01:59:36+00	2021-03-22 01:59:36+00
46	RAMON DE ALMEIDA PINTO	 	RAMON PINTO	(83) 99144-1074	2021-03-22 01:59:36+00	2021-03-22 01:59:36+00
47	ELIZETE FERREIRA	 	 ELIZETE FERREIRA	(83) 99871-6531	2021-03-22 01:59:36+00	2021-03-22 01:59:36+00
48	CAETANO MANOEL DE LIMA	 	CAETANO	(83) 99849-4110	2021-03-22 01:59:36+00	2021-03-22 01:59:36+00
49	JOSE VANDERLEI FERNANDES	 	VANDERLEI DOS CORREIOS	(83) 99970-9369	2021-03-22 01:59:36+00	2021-03-22 01:59:36+00
50	NAILTON DA TAPECARIA	 	NAILTON TAPECARIA	(83) 99970-9369	2021-03-22 01:59:36+00	2021-03-22 01:59:36+00
51	KALIELANDIA	 	KALIELANDIA 	(83) 98185-1213	2021-03-22 01:59:36+00	2021-03-22 01:59:36+00
52	ELIOTTI ROCHA	 	ELIOTTI ROCHA	(83) 99942-3542	2021-03-22 01:59:36+00	2021-03-22 01:59:36+00
53	CHICA DE ZEZA	 	CHICA DE ZEZA\n	(83) 99302-2915	2021-03-22 01:59:36+00	2021-03-22 01:59:36+00
54	LUIZETE 	 	LUIZETE IRMÃ DE ELIVANILDO	(74) 98824-2725	2021-03-22 01:59:36+00	2021-03-22 01:59:36+00
55	ZE LATINHA	 	ZE LATINHA	(83) 99999-9999	2021-03-22 01:59:36+00	2021-03-22 01:59:36+00
56	CRISTIANO TARANDELA 	 	CRISTIANO TARANDELA	(83) 99419-1917	2021-03-22 01:59:36+00	2021-03-22 01:59:36+00
57	BETANIO FARMACIA 	 	BETANIO FARMÁCIA  	(83) 99315-6400	2021-03-22 01:59:36+00	2021-03-22 01:59:36+00
58	WILCA DE JUACIR	 	WILCA DE JUACIR	(84) 92000-4245	2021-03-22 01:59:36+00	2021-03-22 01:59:36+00
59	SIMONE LIRA	 	SIMONE LIRA	(83) 99892-1041	2021-03-22 01:59:36+00	2021-03-22 01:59:36+00
60	JULIANA CEZARIO	 	JULIANA CEZARIO	(83) 99905-0564	2021-03-22 01:59:36+00	2021-03-22 01:59:36+00
61	AURELIO GADELHA	 	AURELIO GADELHA	(83) 99191-1777	2021-03-22 01:59:36+00	2021-03-22 01:59:36+00
62	RIBAMAR	 	RIBAMAR	(83) 99992-7989	2021-03-22 01:59:36+00	2021-03-22 01:59:36+00
63	DIEGO GALDINO	 	DIEGO GALDINO	(83) 99822-8145	2021-03-22 01:59:36+00	2021-03-22 01:59:36+00
64	TANTINHA 	 	TANTINHA DR GERALDO	(83) 99100-6565	2021-03-22 01:59:36+00	2021-03-22 01:59:36+00
65	MARIA 	 	MARIA BELADORA	(83) 99854-8789	2021-03-22 01:59:36+00	2021-03-22 01:59:36+00
66	MARIA DAS GRAÇAS 	 	MARIA DAS GRAÇAS	(83) 99608-6314	2021-03-22 01:59:36+00	2021-03-22 01:59:36+00
67	FLAVIO AFONSO	 	FLAVIO AFONSO	(83) 99160-6545	2021-03-22 01:59:36+00	2021-03-22 01:59:36+00
68	LUCIENE VIEIRA	 	LUCIENE ESPOSA DE JOAO PAULO	(83) 99178-9166	2021-03-22 01:59:36+00	2021-03-22 01:59:36+00
69	CHICO MALUCO	 	CHICO MALUCO	(83) 99613-9979	2021-03-22 01:59:36+00	2021-03-22 01:59:36+00
70	REGINA CELLI DA SILVA	 	REGINA DE CHICAO	(83) 99152-2736	2021-03-22 01:59:36+00	2021-03-22 01:59:36+00
71	ITAMAR MOREIRA	 	ITAMAR MOREIRA	(83) 99924-4443	2021-03-22 01:59:36+00	2021-03-22 01:59:36+00
72	CLAUDIO DO CARTORIO	 	CLAUDIO DO CARTORIO	(83) 99145-2988	2021-03-22 01:59:36+00	2021-03-22 01:59:36+00
73	LUCIANO DO BANCO DO BRASIL	 	LUCIANO BB 	(83) 99156-4549	2021-03-22 01:59:36+00	2021-03-22 01:59:36+00
74	NEIDE MORAIS	 	NEIDE JULIO BRASIL	(83) 99681-8625	2021-03-22 01:59:36+00	2021-03-22 01:59:36+00
75	PREFEITURA LUIS GOMES	 	PREFEITURA LUIS GOMES	(84) 99818-4290	2021-03-22 01:59:36+00	2021-03-22 01:59:36+00
76	RUBENS DESCONTAO	 	RUBENS DESCONTAO	(83) 99984-8967	2021-03-22 01:59:36+00	2021-03-22 01:59:36+00
77	JOSE EUDES 	 	JOSE EUDES PINTOR	(83) 99833-2867	2021-03-22 01:59:36+00	2021-03-22 01:59:36+00
78	EDSON BRITO 	 	EDSON BRITO	(83) 99992-9753	2021-03-22 01:59:36+00	2021-03-22 01:59:36+00
79	RAFAEL VIEIRA	 	RAFAEL RODAO	(83) 99170-1148	2021-03-22 01:59:36+00	2021-03-22 01:59:36+00
80	NEIDE LACERDA	 	NEIDE - DANIELE MODAS	(83) 99967-7793	2021-03-22 01:59:36+00	2021-03-22 01:59:36+00
81	CLECIA DE BENICINHO	 	CLECIA DE BENICINHO	(83) 99655-3754	2021-03-22 01:59:36+00	2021-03-22 01:59:36+00
82	MARIA DO CEU	 	MARIA DO CEU DE DEDE	(83) 99175-6118	2021-03-22 01:59:36+00	2021-03-22 01:59:36+00
83	RENAN MAGALHAES	 	RENAN MAGALHAES	(11) 98577-2197	2021-03-22 01:59:36+00	2021-03-22 01:59:36+00
84	EDGAR 	 	EDGAR DE ZE DE LO	(83) 99918-2518	2021-03-22 01:59:36+00	2021-03-22 01:59:36+00
85	CORRINHA DE LO	 	CORRINHA DE LO	(83) 99183-8939	2021-03-22 01:59:36+00	2021-03-22 01:59:36+00
86	BRUNA FERNANDES	 	BRUNA FERNANDES	(84) 99664-1834	2021-03-22 01:59:36+00	2021-03-22 01:59:36+00
87	JULIETE DOUTOR BOSCO	 	JULIETE DR BOSCO	(83) 99332-2225	2021-03-22 01:59:36+00	2021-03-22 01:59:36+00
88	BEBE DA BANDARRA	 	BEBE DA BADARRA	(83) 99650-5804	2021-03-22 01:59:36+00	2021-03-22 01:59:36+00
89	KATIA DE PEDRO BATISTA	 	KATIA DE PEDRO BATISTA	(83) 99827-7594	2021-03-22 01:59:36+00	2021-03-22 01:59:36+00
90	ALLAN FERNANDES	 	ALLAN DE MARINHEIRO	(84) 99681-8866	2021-03-22 01:59:36+00	2021-03-22 01:59:36+00
91	FRANK DO MERCADO	 	FRANK DO MERCADO	(83) 99120-5494	2021-03-22 01:59:36+00	2021-03-22 01:59:36+00
92	MARCIUS NEY 	 	MARCIO DO BANCO 	(83) 99913-0276	2021-03-22 01:59:36+00	2021-03-22 01:59:36+00
93	HUMBERTO 	 	HUMBERTO VEREADOR	(83) 99378-7774	2021-03-22 01:59:36+00	2021-03-22 01:59:36+00
94	BETINHO 	 	BETINHO PORTAO	(83) 99941-0506	2021-03-22 01:59:36+00	2021-03-22 01:59:36+00
95	ELIZANGELA DE BERVAN	 	ELIZANGELA DE BERVAN	(83) 99186-2880	2021-03-22 01:59:36+00	2021-03-22 01:59:36+00
96	ASSIS NEO LINE	 	ASSIS NEO LINE	(83) 99112-9282	2021-03-22 01:59:36+00	2021-03-22 01:59:36+00
97	ROMANO	 	ROMANO ADVOGADO	(83) 99999-6751	2021-03-22 01:59:36+00	2021-03-22 01:59:36+00
98	ZAIAMA	 	ZAIAMA BOM PASSO	(83) 99604-6349	2021-03-22 01:59:36+00	2021-03-22 01:59:36+00
99	JOSE HENRIQUE	 	HENRIQUE F NOVA	(83) 99953-4825	2021-03-22 01:59:36+00	2021-03-22 01:59:36+00
100	MERO 	 	MERO M&C FASHION	(83) 99869-2609	2021-03-22 01:59:36+00	2021-03-22 01:59:36+00
101	LOURDINHA	 	LURDINHA CHICO QUEIROGA	(83) 99820-3331	2021-03-22 01:59:36+00	2021-03-22 01:59:36+00
102	EDNALDA	 	EDNALDA COSTA	(83) 99959-4332	2021-03-22 01:59:36+00	2021-03-22 01:59:36+00
103	SOCORRO IRMÃ DE PEDRO VIERA	 	SOCORRO  IRMÃ DE PEDRO VIERA	(83) 99999-9999	2021-03-22 01:59:37+00	2021-03-22 01:59:37+00
104	RAIMUNDINHO 	 	RAIMUNDINHO DO MERCADO	(83) 99999-9999	2021-03-22 01:59:37+00	2021-03-22 01:59:37+00
105	ADAILTON 	 	ADAILTON DE CHICÃO MOTO TAXI 	(11) 96213-5127	2021-03-22 01:59:37+00	2021-03-22 01:59:37+00
106	FRANCINEIDE	 	FRANCINEIDE 	(83) 99320-9140	2021-03-22 01:59:37+00	2021-03-22 01:59:37+00
107	PATRICIA \n	 	PATRICIA RUA DA CADEIA	(83) 99319-3926	2021-03-22 01:59:37+00	2021-03-22 01:59:37+00
108	FRANCISCA DAS CHAGAS DUARTE DA SILVA	 	FRANCISQUINHA	(83) 99616-6072	2021-03-22 01:59:37+00	2021-03-22 01:59:37+00
109	LINDA KATIA	 	LINDA KATIA	(83) 99371-1727	2021-03-22 01:59:37+00	2021-03-22 01:59:37+00
110	ZE FERNANDES	 	ZE FERNANDES VEREADOR	(83) 99999-9999	2021-03-22 01:59:37+00	2021-03-22 01:59:37+00
111	CONSOLA SANTIAGO	 	CONSOLA SANTIAGO	(83) 99680-9405	2021-03-22 01:59:37+00	2021-03-22 01:59:37+00
112	BARBARA SANTIAGO	 	BARBARA SANTIAGO	(83) 99985-3858	2021-03-22 01:59:37+00	2021-03-22 01:59:37+00
113	NENEM TOIN ANDRE	 	NENEM DE TOIN ANDRE	(83) 99352-7042	2021-03-22 01:59:37+00	2021-03-22 01:59:37+00
114	FRANCISCO LEANDRO - TORO	 	FCO LEANDRO - TORO	(83) 99999-9999	2021-03-22 01:59:37+00	2021-03-22 01:59:37+00
115	MARIA GILVANEIDE	079.168.074-67	MARIA GILVANEIDE	(83) 99821-9706	2021-03-22 01:59:37+00	2021-03-22 01:59:37+00
116	JANAILDO	 	JANAILDO	(83) 99632-3809	2021-03-22 01:59:37+00	2021-03-22 01:59:37+00
117	LENA 	 	LENA DE VALMIR	(83) 99838-5254	2021-03-22 01:59:37+00	2021-03-22 01:59:37+00
118	GERSINHO	 	GERSINHO VIEIROPOLIS	(83) 98118-7482	2021-03-22 01:59:37+00	2021-03-22 01:59:37+00
119	FRANCISCA GELSA ABRANTES DO NASCIMENTO	 	FRANCISQUINHA DE JOAO TOMAZ	(83) 99619-5219	2021-03-22 01:59:37+00	2021-03-22 01:59:37+00
120	RICARDO MORAIS	 	RICARDO MORAIS	(83) 99142-7576	2021-03-22 01:59:37+00	2021-03-22 01:59:37+00
121	ZE VIEIRA	 	ZE VIEIRA CONSTRU HOUSE	(83) 99663-4172	2021-03-22 01:59:37+00	2021-03-22 01:59:37+00
122	KISSIO	 	KISSIO LASTRO	(83) 98175-4545	2021-03-22 01:59:37+00	2021-03-22 01:59:37+00
123	LUIZ DO MINEIRO	 	LUIZ DO MINERO	(84) 99931-9992	2021-03-22 01:59:37+00	2021-03-22 01:59:37+00
124	REGIO MORAIS	 	REGIO MORAIS	(83) 99639-0490	2021-03-22 01:59:37+00	2021-03-22 01:59:37+00
125	GIRLIADE  ESPOSO DE MARIA DO POSTO	 	GIRLIADE ESPOSO DE MARIA DO POSTO 	(83) 99601-6336	2021-03-22 01:59:37+00	2021-03-22 01:59:37+00
126	ATACADÃO DA MODA 	 	ATACADÃO DA MODA 	(84) 99833-9477	2021-03-22 01:59:37+00	2021-03-22 01:59:37+00
127	MANINHO JOCA CLAUDINO	 	MANINHO JOCA CLAUDINO	(83) 99911-1669	2021-03-22 01:59:37+00	2021-03-22 01:59:37+00
128	ATHAILDO DESPACHANTE 	 	ATHAILDO DESPACHANTE	(84) 99927-5002	2021-03-22 01:59:37+00	2021-03-22 01:59:37+00
129	CLAUDIO MARCIO 	 	MARCIO DE LUIS GOMES 	(84) 99623-6481	2021-03-22 01:59:37+00	2021-03-22 01:59:37+00
130	JADISON 	 	JADISON 	(83) 98141-2178	2021-03-22 01:59:37+00	2021-03-22 01:59:37+00
131	VALERIA 	 	VALERIA AUGUSTO JOSE	(83) 99108-8804	2021-03-22 01:59:37+00	2021-03-22 01:59:37+00
132	HAROLDO 	 	HAROLDO OFICIAL DE JUSTICA	(84) 99814-4920	2021-03-22 01:59:37+00	2021-03-22 01:59:37+00
133	FRANCISCO NECO JOSA	 	FCO NECO JOSA	(83) 99999-9999	2021-03-22 01:59:37+00	2021-03-22 01:59:37+00
134	SANDRA ALEXANDRE	 	SANDRA ALEXANDRE	(83) 98104-0440	2021-03-22 01:59:37+00	2021-03-22 01:59:37+00
135	GUTIERI DE ROLINHA	 	GUTIERE ROLINHA 	(83) 99697-6403	2021-03-22 01:59:37+00	2021-03-22 01:59:37+00
136	FRANCISCO SEGUNDO	 	SEGUNDO ENG	(83) 99830-3647	2021-03-22 01:59:37+00	2021-03-22 01:59:37+00
137	MARCOS AURELIO DE QUEIROGA	 	MARCOS AURELIO	(83) 99683-2472	2021-03-22 01:59:37+00	2021-03-22 01:59:37+00
138	DEMOSTENES CEZARIO	 	DEMOSTENES	(83) 99924-3923	2021-03-22 01:59:37+00	2021-03-22 01:59:37+00
139	MARIA DE FATIMA	 	MARIA DE FATIMA	(83) 99142-1503	2021-03-22 01:59:37+00	2021-03-22 01:59:37+00
140	JUVANILDA MATIAS	 	JUVANILDA TRAB LOJAO	(83) 99127-9204	2021-03-22 01:59:37+00	2021-03-22 01:59:37+00
141	KAREN DA SILVA ROMAO	 	KAREN BELA VISTA	(81) 99878-0835	2021-03-22 01:59:37+00	2021-03-22 01:59:37+00
142	ITAMARA PINHEIRO RODRIGUES 	 	ITAMARA - ARAUJO ELETROMOVEIS	(84) 99933-4653	2021-03-22 01:59:37+00	2021-03-22 01:59:37+00
143	FRANCIMARIO FOTO IDEAL	 	FRANCIMARIO FOTO IDEAL	(83) 99670-3609	2021-03-22 01:59:37+00	2021-03-22 01:59:37+00
144	VALDIR DA CACHOEIRA	 	VALDIR DA CACHOEIRA	(83) 98101-6498	2021-03-22 01:59:37+00	2021-03-22 01:59:37+00
145	IDELZUITE NOGUEIRA	 	IDELZUITE NOGUEIRA	(83) 99909-4797	2021-03-22 01:59:37+00	2021-03-22 01:59:37+00
146	EVALDO MONTES	 	EVALDO MONTES	(83) 99900-8362	2021-03-22 01:59:37+00	2021-03-22 01:59:37+00
147	FIRMINO CABELELEIRO	 	FIRMINO CABELELEIRO	(83) 99189-5443	2021-03-22 01:59:37+00	2021-03-22 01:59:37+00
148	CARLOS AUGUSTO TUTUTA	 	TUTUTA	(84) 99928-6202	2021-03-22 01:59:37+00	2021-03-22 01:59:37+00
149	VANESSA TENENTE ANANIAS	 	VANESSA TENENTE ANANIAS	(84) 99834-5753	2021-03-22 01:59:37+00	2021-03-22 01:59:37+00
150	TROPICAL MAGAZINE	 	TROPICAL MAGAZINE	(83) 99650-6499	2021-03-22 01:59:37+00	2021-03-22 01:59:37+00
151	ZE FILHO PRIMO	 	ZE FILHO PRIMO 	(83) 99987-3552	2021-03-22 01:59:37+00	2021-03-22 01:59:37+00
152	RODRIGO SANTA HELENA 	 	RODRIGO S HELENA	(11) 98612-5841	2021-03-22 01:59:37+00	2021-03-22 01:59:37+00
153	PIZZARIA DONA MARQUERITTA 	 	PIZZARIA DONA MARQUERITTA\n	(83) 99419-1917	2021-03-22 01:59:37+00	2021-03-22 01:59:37+00
154	JUVINO OLIVEIRA	 	JUVINO OLIVEIRA	(84) 99893-8709	2021-03-22 01:59:37+00	2021-03-22 01:59:37+00
155	DONA BRANCA	 	DONA BRANCA	(84) 99933-1659	2021-03-22 01:59:37+00	2021-03-22 01:59:37+00
156	ANA FERNANDES VIEIRA	 	ANA MAE DE MATHEUS	(83) 99358-5623	2021-03-22 01:59:37+00	2021-03-22 01:59:37+00
157	ALGUIBERTO MORAIS	 	ALGUIBERTO DA FARMACIA	(84) 99918-9655	2021-03-22 01:59:37+00	2021-03-22 01:59:37+00
158	ISAAC PINHEIRO	 	ISAAC PINHEIRO	(83) 99886-4755	2021-03-22 01:59:37+00	2021-03-22 01:59:37+00
159	FRANCISCA NASCIMENTO	 	FRANCISCA NASCIMENTO	(83) 99814-4775	2021-03-22 01:59:37+00	2021-03-22 01:59:37+00
160	GERISVAN	 	GERISVAN MARCENEIRO	(83) 99986-7474	2021-03-22 01:59:37+00	2021-03-22 01:59:37+00
161	ERIVAN SAX	 	ERIVAN SAX	(83) 99869-9791	2021-03-22 01:59:37+00	2021-03-22 01:59:37+00
162	VERUSKA DE ARHUTR DO ESPETINHO 	 	VERUSKA DE ARTHUR DO ESPETINHO	(83) 99860-4738	2021-03-22 01:59:37+00	2021-03-22 01:59:37+00
163	MAYRA DE SINVAL	 	MAYRA DE SINVAL 	(83) 99991-0515	2021-03-22 01:59:37+00	2021-03-22 01:59:37+00
164	GUILHERME DE TEOR	 	GUILHERME DE TEOR	(83) 99826-3509	2021-03-22 01:59:37+00	2021-03-22 01:59:37+00
165	ZE DE LIU	 	ZE DE LIU	(83) 99939-2061	2021-03-22 01:59:37+00	2021-03-22 01:59:37+00
166	FRANCISCO DA SILVA	 	MIRÔ	(84) 99600-6408	2021-03-22 01:59:37+00	2021-03-22 01:59:37+00
167	LUCIANO TORQUATO	 	LUCIANO TORQUATO	(84) 99947-3778	2021-03-22 01:59:37+00	2021-03-22 01:59:37+00
168	ZE CONTADOR	 	ZE CONTADOR	(83) 99961-0471	2021-03-22 01:59:37+00	2021-03-22 01:59:37+00
169	AMANDA SANTIAGO	 	AMANDA ESPOSA DE TOINHO DA QUIXABA	(83) 99885-7013	2021-03-22 01:59:37+00	2021-03-22 01:59:37+00
170	AMARILDO	 	AMARILDO 	(83) 99681-8353	2021-03-22 01:59:37+00	2021-03-22 01:59:37+00
171	PEDRO DO GASBRAS	 	PEDRO DO GASBRAS	(83) 98182-8575	2021-03-22 01:59:37+00	2021-03-22 01:59:37+00
172	VANUZA 	 	VANUZA	(83) 99619-2134	2021-03-22 01:59:37+00	2021-03-22 01:59:37+00
173	ANA LUCIA 	 	ANA LUCIA DE ITAMAR	(83) 99999-9999	2021-03-22 01:59:37+00	2021-03-22 01:59:37+00
174	LUIZINHO DE SOCORRO FERNANDES	 	LUIZINHO FERNANDES	(83) 99604-7671	2021-03-22 01:59:37+00	2021-03-22 01:59:37+00
175	LUCAS SANTANA	 	LUCAS SANTANA	(83) 99302-7494	2021-03-22 01:59:37+00	2021-03-22 01:59:37+00
176	SASSA 	 	SASSA UNA GELO	(83) 99991-4266	2021-03-22 01:59:37+00	2021-03-22 01:59:37+00
177	LEANDRO SEC TURISMO LUIS GOMES	 	LEANDRO LUIS GOMES	(84) 99812-5511	2021-03-22 01:59:37+00	2021-03-22 01:59:37+00
178	ALDEIR FILHO	 	ALDEIR TECCEL	(83) 99999-1676	2021-03-22 01:59:37+00	2021-03-22 01:59:37+00
179	FRANCISCO MENDES	 	CHIQUINHO BARATAO	(83) 99623-0082	2021-03-22 01:59:37+00	2021-03-22 01:59:37+00
180	NENEM DA OFICINA 	 	NENEM DA OFICINA 	(84) 99865-2772	2021-03-22 01:59:37+00	2021-03-22 01:59:37+00
181	LORA 	 	LORA DO MERCADO 	(83) 99624-6819	2021-03-22 01:59:37+00	2021-03-22 01:59:37+00
182	MARIA DO CEU FERNANDES	 	MARIA DO CEU FERNANDES	(84) 99661-4264	2021-03-22 01:59:37+00	2021-03-22 01:59:37+00
183	MARCILIA DO LEITE	 	MARCILIA DO LEITE	(83) 99171-8455	2021-03-22 01:59:37+00	2021-03-22 01:59:37+00
184	PREFEITURA POCO DANTAS	 	PREFEITURA POCO DANTAS 	(83) 99924-4443	2021-03-23 12:38:47+00	2021-03-23 12:40:24+00
185	AMELIA FERNANDES	 	AMELIA FERNANDES	(83) 99982-7496	2021-03-23 12:54:24+00	2021-03-23 12:54:24+00
186	JACKSON JET MASTER	 	JACKSON JET MASTER	(83) 99644-4867	2021-03-23 13:12:30+00	2021-03-23 13:12:30+00
187	JOSE HERACLES	 	VEI DE GERALDO MOISES	(83) 99400-3534	2021-03-23 13:21:18+00	2021-03-23 13:21:18+00
188	JOCELIO DEDE BENICIO 	 	JOCELIO DEDE BENICIO	(83) 99806-5014	2021-03-24 14:28:06+00	2021-03-24 14:28:06+00
194	ELOISA NOGUEIRA	 	ELOISA NOGUEIRA	(83) 99185-8674	2021-03-25 18:53:40+00	2021-03-25 18:53:40+00
195	RICELIO DA POUSADA	 	RICELIO DA POUSADA	(83) 99127-5336	2021-03-25 18:55:44+00	2021-03-25 18:55:44+00
196	DAMIANA CAENIA DOS SANTOS	 	DAMIANA	(83) 99824-3771	2021-03-25 20:09:13+00	2021-03-25 20:09:13+00
197	JOSE ERASMO DE MORAIS	 	ERASMO MORAIS	(83) 99999-9999	2021-03-26 17:10:10+00	2021-03-26 17:10:10+00
198	LETICIA DA SILVA GONZAGA	 	LETICIA GONZAGA	(83) 99633-3451	2021-03-26 18:57:39+00	2021-03-26 18:57:39+00
\.


--
-- TOC entry 3046 (class 0 OID 16632)
-- Dependencies: 217
-- Data for Name: collaborators; Type: TABLE DATA; Schema: public; Owner: postgres
--

COPY public.collaborators (id, name, cpf, rg, contato, password, cargo, created_at, updated_at) FROM stdin;
1	JOAO BOSCO JUNIOR	069.216.074-45	3477346	(83) 8133-7330	digisat1914	\N	2021-03-22 01:59:35+00	2021-03-22 01:59:35+00
2	JOSE PEDRO OLIVEIRA CRUZ	104.576.344-64	3654303	(83) 8126-3570	digisat1914	\N	2021-03-22 01:59:35+00	2021-03-22 01:59:35+00
3	FRANCISCO RODRIGUES DE FREITAS	106.806.884-12	3886576	(83) 9800-0940	digisat1914	\N	2021-03-22 01:59:35+00	2021-03-22 01:59:35+00
4	WELLINGTON FERNANDES DA COSTA	103.779.084-79	\N	(83) 9333-6754	digisat1914	\N	2021-03-22 01:59:35+00	2021-03-22 01:59:35+00
\.


--
-- TOC entry 3048 (class 0 OID 16645)
-- Dependencies: 219
-- Data for Name: ordens_services; Type: TABLE DATA; Schema: public; Owner: postgres
--

COPY public.ordens_services (id, client_id, colaborator_id, adress_id, service_id, data, hora, tempo, obs, status, created_at, updated_at) FROM stdin;
1	2	1	2	10	01/09/2020	15:30	30	NAO ESTA ABRINDO A FECHADURA	EXECUTED  2021-03-22 01:59:39+00	2021-03-22 01:59:39+00
2	3	2	3	1	02/09/2020	16:30	30	FAZER ACESSO REMOTO NO CELULAR DA ESPOSA DE MOACIR É ENSINAR A VER A GRAVAÇÃO NO DVR. 	EXECUTED  2021-03-22 01:59:39+00	2021-03-22 01:59:39+00
3	54	3	54	5	06/10/2020	14:00	30	INSTALAR MULTIPONTO	EXECUTED  2021-03-22 01:59:39+00	2021-03-22 01:59:39+00
4	55	3	55	6	06/10/2020	14:00	30	INSTALAR SKY PRE PAGO	EXECUTED  2021-03-22 01:59:39+00	2021-03-22 01:59:39+00
5	56	2	56	1	13/10/2020	08:30	30	15 CAMERAS, ESTAO TODAS PARADAS, LEVAR FONTE, FIO, CONECTOR. FAZER ACESSO REMOTO. DVR PROTEC. 	EXECUTED  2021-03-22 01:59:39+00	2021-03-22 01:59:39+00
6	57	2	57	1	15/10/2020	08:30	30	TERMINAR CERCA ELETRICA 	EXECUTED  2021-03-22 01:59:39+00	2021-03-22 01:59:39+00
7	1	3	1	3	02/09/2020	07:30	30	INSTALACAO DE UM VIDEO PORTEIRO INTELBRAS COM FECHO ELETRONICO	EXECUTED  2021-03-22 01:59:39+00	2021-03-22 01:59:39+00
8	4	2	4	7	10/09/2020	08:30	30	AJUSTAR O PORTAO PARA INSTALAR MOTOR, PORTAO ESTA PEGANDO NO TRILHO. 	EXECUTED  2021-03-22 01:59:39+00	2021-03-22 01:59:39+00
9	1	2	1	1	09/09/2020	13:30	30	CAMERA ESTA CHUVISCANDO A NOITE 	EXECUTED  2021-03-22 01:59:39+00	2021-03-22 01:59:39+00
10	15	2	15	1	11/09/2020	15:00	30	UMA CAMERA PARADA	EXECUTED  2021-03-22 01:59:39+00	2021-03-22 01:59:39+00
11	14	1	14	13	11/09/2020	08:00	30	ATUALIZAR GOSAT PLUS	EXECUTED  2021-03-22 01:59:39+00	2021-03-22 01:59:39+00
12	16	1	16	8	11/09/2020	14:00	30	MOTOR DZ NANO DA ROSSI. CREMALHEIRA BATEU NO MOTOR E O MOTOR PAROU DE FUNCIONAR. LEVAR CREMALHEIRA, CAPACITOR E PLACA ROSSI. 	EXECUTED  2021-03-22 01:59:39+00	2021-03-22 01:59:39+00
13	17	2	17	2	11/09/2020	08:00	30	KIT DVR 04 CANAIS COM 02 CAMERAS BULLET 30METROS. 	EXECUTED  2021-03-22 01:59:39+00	2021-03-22 01:59:39+00
14	18	3	18	13	12/09/2020	08:00	30	SINAL BAIXO NO MIDIA BOX, ANTENA DIGIMASTER 1,30MT 	EXECUTED  2021-03-22 01:59:39+00	2021-03-22 01:59:39+00
15	19	1	19	9	12/09/2020	09:30	30	INSTALAR 2 RAMAIS DE VIDEO PORTEIRO	EXECUTED  2021-03-22 01:59:39+00	2021-03-22 01:59:39+00
16	20	2	20	2	16/09/2020	14:00	30	ORCAMENTO CAMERAS EM MAJOR SALES	EXECUTED  2021-03-22 01:59:39+00	2021-03-22 01:59:39+00
17	22	4	62	2	18/09/2020	14:30	30	FAZER ORCAMENTO DE INSTALACAO E MANUTENCAO DE SISTEMA DE CFTV	EXECUTED  2021-03-22 01:59:39+00	2021-03-22 01:59:39+00
19	7	2	7	1	22/09/2020	13:30	30	CAMERAS ESTAO FALHANDO. 	EXECUTED  2021-03-22 01:59:39+00	2021-03-22 01:59:39+00
20	28	3	28	13	22/09/2020	14:30	30	RECEPTOR MÍDIA BOX B3.\n\nIMAGEM CONGELANDO. 	EXECUTED  2021-03-22 01:59:39+00	2021-03-22 01:59:39+00
21	24	2	24	7	22/09/2020	14:30	30	LIGAR O MOTOR DE DENTRO, NA FAZENDA NOVA. 	EXECUTED  2021-03-22 01:59:39+00	2021-03-22 01:59:39+00
22	30	2	30	1	23/09/2020	14:00	30	ACESSO REMOTO	EXECUTED  2021-03-22 01:59:39+00	2021-03-22 01:59:39+00
23	32	1	32	2	25/09/2020	08:30	30	CONFIGURA CAMERA MINI SPEED DOME IP	EXECUTED  2021-03-22 01:59:39+00	2021-03-22 01:59:39+00
24	31	2	31	1	25/09/2020	15:30	30	ACESSO REMOTO NO PC - DVR ZIRION	EXECUTED  2021-03-22 01:59:39+00	2021-03-22 01:59:39+00
25	34	2	34	1	25/09/2020	13:00	30	UMA CAMERA PARADA	EXECUTED  2021-03-22 01:59:39+00	2021-03-22 01:59:39+00
26	33	3	33	13	25/09/2020	10:18	30	RECEPTOR ENERGY HD ESTA SEM SINAL. 	EXECUTED  2021-03-22 01:59:39+00	2021-03-22 01:59:39+00
27	35	2	35	4	28/09/2020	08:30	30	\N	EXECUTED  2021-03-22 01:59:39+00	2021-03-22 01:59:39+00
28	36	1	36	9	28/09/2020	08:30	30	INSTALAR VIDEIO PORTEIRO, 2 CAMERAS E MUDAR 2 CAMERAS DE POSICAO. 	EXECUTED  2021-03-22 01:59:39+00	2021-03-22 01:59:39+00
29	38	3	38	13	28/09/2020	14:00	30	ATUALIZAR O MIDIA BOX, SEM PEGAR A GLOBO.	EXECUTED  2021-03-22 01:59:39+00	2021-03-22 01:59:39+00
30	37	2	37	8	30/09/2020	08:30	30	MOTOR ROSSI, PROBLEMA NA PLACA. 	EXECUTED  2021-03-22 01:59:39+00	2021-03-22 01:59:39+00
31	43	3	43	13	28/09/2020	15:00	30	ATUALIZAR MIDIA BOX 	EXECUTED  2021-03-22 01:59:39+00	2021-03-22 01:59:39+00
32	44	1	44	7	01/10/2020	08:30	30	INSTALAR MOTOR DE PORTAO PIVOTANTE	EXECUTED  2021-03-22 01:59:39+00	2021-03-22 01:59:39+00
33	7	2	7	1	29/09/2020	08:30	30	CAMERAS PAROU NAS GUERRILHAS. LEVAR FONTE. 	EXECUTED  2021-03-22 01:59:39+00	2021-03-22 01:59:39+00
34	45	3	45	13	28/09/2020	16:00	30	PARABOLICA SEM SINAL	EXECUTED  2021-03-22 01:59:39+00	2021-03-22 01:59:39+00
36	47	3	47	13	01/10/2020	08:00	30	SEM SINAL - B2 	EXECUTED  2021-03-22 01:59:39+00	2021-03-22 01:59:39+00
37	48	1	48	1	02/10/2020	13:30	30	CAMERA PARADA A DE FRENTE A PISTA	EXECUTED  2021-03-22 01:59:39+00	2021-03-22 01:59:39+00
38	49	2	49	8	02/10/2020	08:30	30	CREMALHEIRA QUEBRADA	EXECUTED  2021-03-22 01:59:39+00	2021-03-22 01:59:39+00
39	50	3	50	13	01/10/2020	10:30	30	ATUALIZAR O AZAMERICA S1007+ 	EXECUTED  2021-03-22 01:59:39+00	2021-03-22 01:59:39+00
40	51	2	51	1	02/10/2020	08:30	30	UMA CAMERA PARADA	EXECUTED  2021-03-22 01:59:39+00	2021-03-22 01:59:39+00
41	30	2	30	8	03/10/2020	08:30	30	TROCAR TX CAR DO CARRO PARA A MOTO	EXECUTED  2021-03-22 01:59:39+00	2021-03-22 01:59:39+00
42	4	1	4	8	03/10/2020	08:30	30	O MOTOR ESTÁ ABRINDO SOZINHO.	EXECUTED  2021-03-22 01:59:39+00	2021-03-22 01:59:39+00
43	53	2	53	8	05/10/2020	08:30	30	MOTOR ESTÁ TRAVADO.	EXECUTED  2021-03-22 01:59:39+00	2021-03-22 01:59:39+00
44	42	1	42	7	14/10/2020	08:30	30	INSTALAR MOTOR SEMI INDUSTRIAL 	EXECUTED  2021-03-22 01:59:39+00	2021-03-22 01:59:39+00
45	58	2	58	3	14/10/2020	08:30	30	INSTALACAO DE CERCA ELETRICA + CONCERTINA 30CM 	EXECUTED  2021-03-22 01:59:39+00	2021-03-22 01:59:39+00
46	59	4	59	3	13/10/2020	16:00	30	ORCAMENTO CERCA ELETRICA 	EXECUTED  2021-03-22 01:59:39+00	2021-03-22 01:59:39+00
47	60	2	60	2	16/10/2020	08:30	30	OLHAR UMA CAMERA PARADA. 	EXECUTED  2021-03-22 01:59:39+00	2021-03-22 01:59:39+00
49	61	4	61	1	19/10/2020	08:30	30	ORCAMENTO	EXECUTED  2021-03-22 01:59:39+00	2021-03-22 01:59:39+00
50	63	4	63	2	20/10/2020	08:30	30	MARCA PONTO DE CAMERAS	EXECUTED  2021-03-22 01:59:39+00	2021-03-22 01:59:39+00
51	65	3	65	13	19/08	08:30	30	OLHA SINAL 	EXECUTED  2021-03-22 01:59:39+00	2021-03-22 01:59:39+00
52	68	1	68	9	19/10/2020	14:00	30	LIGAR PORTEIRO ELETRONICO	EXECUTED  2021-03-22 01:59:39+00	2021-03-22 01:59:39+00
53	69	3	69	13	19/10/2020	13:00	30	OLHAR SINAL DO TOCOMBOX SOCCED HD 	EXECUTED  2021-03-22 01:59:39+00	2021-03-22 01:59:39+00
54	70	3	70	13	20/10/2020	13:00	30	OLHAR SINAL DE SISTEMA KU, LEVAR LNB	EXECUTED  2021-03-22 01:59:39+00	2021-03-22 01:59:39+00
55	17	2	17	1	23/10/2020	15:00	30	POSICIONAR CAMERAS 	EXECUTED  2021-03-22 01:59:39+00	2021-03-22 01:59:39+00
56	72	2	72	1	22/10/2020	15:00	30	ACESSO REMOTO EM DVR, PASSAR FIO DE INTERNET	EXECUTED  2021-03-22 01:59:39+00	2021-03-22 01:59:39+00
57	73	2	73	8	22/10/2020	15:30	30	MOTOR ENGANCHANDO NA PARTIDA, TALVEZ SEJA A ENGRENAGEM INTERNA, PORTAO ESTA PESADO. 	EXECUTED  2021-03-22 01:59:39+00	2021-03-22 01:59:39+00
58	74	3	74	13	24/10/2020	08:30	30	OLHAR SINAL ANTENA, FUGINDO IMAGEM. 	EXECUTED  2021-03-22 01:59:39+00	2021-03-22 01:59:39+00
59	75	1	75	1	28/10/2020	08:30	30	DUAS CAMERAS PARADAS NO CENTRO DE SAUDE	EXECUTED  2021-03-22 01:59:39+00	2021-03-22 01:59:39+00
60	76	2	76	2	27/10/2020	08:30	30	INSTALAR DVR COM 8 CAMERAS 	EXECUTED  2021-03-22 01:59:39+00	2021-03-22 01:59:39+00
61	71	1	71	2	28/10/2020	08:30	30	INSTALAR 08 CAMERAS HB TECH 	EXECUTED  2021-03-22 01:59:39+00	2021-03-22 01:59:39+00
62	39	1	39	1	30/10/2020	14:00	30	UMA CAMERA PARADA E MUDAR POSICAO DE OUTRA. 	EXECUTED  2021-03-22 01:59:39+00	2021-03-22 01:59:39+00
63	79	3	79	1	29/10/2020	08:30	30	MUDAR CAMERA DE LOCAL	EXECUTED  2021-03-22 01:59:39+00	2021-03-22 01:59:39+00
64	81	1	81	3	03/11/2020	08:30	30	INSTALAR CERCA ELETRICA 	EXECUTED  2021-03-22 01:59:39+00	2021-03-22 01:59:39+00
65	77	1	77	7	03/11/2020	08:30	30	INSTALAR MOTOR ROSSI 	EXECUTED  2021-03-22 01:59:39+00	2021-03-22 01:59:39+00
66	81	2	81	2	04/11/2020	08:30	30	INSTALAR 02 CAMERAS HB TECH 	EXECUTED  2021-03-22 01:59:39+00	2021-03-22 01:59:39+00
67	80	1	80	1	31/10/2020	08:30	30	LIGAR DVR NOVO HB TECH 	EXECUTED  2021-03-22 01:59:39+00	2021-03-22 01:59:39+00
68	78	2	78	7	03/11/2020	08:30	30	INSTALAR MOTOR DZ ATTO ROSSI. TEM QUE SERRAR A PAREDE PRA PASSAR A CREMALHEIRA. 	EXECUTED  2021-03-22 01:59:39+00	2021-03-22 01:59:39+00
69	2	1	2	10	05/11/2020	08:30	30	FECHADURA TRAVOU	EXECUTED  2021-03-22 01:59:39+00	2021-03-22 01:59:39+00
70	85	1	85	4	03/11/2020	08:30	30	ARAME FOLGADOS, NAO ESTA DISPARANDO. 	EXECUTED  2021-03-22 01:59:39+00	2021-03-22 01:59:39+00
71	84	2	84	1	05/11/2020	08:30	30	MUDAR FIACAO DE CFTV E REVISAR A CERCA ELETRICA	EXECUTED  2021-03-22 01:59:39+00	2021-03-22 01:59:39+00
72	86	1	86	2	06/11/2020	08:30	30	KIT 4 CAMERAS DVR INTELBRAS 	EXECUTED  2021-03-22 01:59:39+00	2021-03-22 01:59:39+00
73	87	1	87	10	04/11/2020	16:00	30	VIDEO PORTEIRO ESTA SEM FUNCIONAR. 	EXECUTED  2021-03-22 01:59:39+00	2021-03-22 01:59:39+00
74	88	1	88	1	05/11/2020	08:30	30	TROCAR DUAS CAMERAS E OLHAR O MOTOR DESLIZANTE. 	EXECUTED  2021-03-22 01:59:39+00	2021-03-22 01:59:39+00
75	89	3	89	6	06/11/2020	08:30	30	RETIRAR E INSTALAR EM NOVO ENDERECO TOCOMBOX ENERGY HD	EXECUTED  2021-03-22 01:59:40+00	2021-03-22 01:59:40+00
76	58	1	58	7	11/11/2020	08:30	30	INSTALAR MOTOR DZ ATTO	EXECUTED  2021-03-22 01:59:40+00	2021-03-22 01:59:40+00
77	90	2	90	2	06/11/2020	08:30	30	INSTALAR DUAS CAMERAS INTELBRAS 	EXECUTED  2021-03-22 01:59:40+00	2021-03-22 01:59:40+00
78	25	2	25	1	06/11/2020	12:00	30	ESCOLA	EXECUTED  2021-03-22 01:59:40+00	2021-03-22 01:59:40+00
79	92	2	92	1	12/11/2020	08:30	30	DUAS CAMERAS PARADA, TROCAR FIO. 	EXECUTED  2021-03-22 01:59:40+00	2021-03-22 01:59:40+00
80	91	1	91	1	06/11/2020	14:30	30	FONTE QUEIMADA. 	EXECUTED  2021-03-22 01:59:40+00	2021-03-22 01:59:40+00
81	93	1	93	10	06/11/2020	13:30	30	FECHADURA ELETRICA SEM ABRIR NA CHAVE POR DENTRO	EXECUTED  2021-03-22 01:59:40+00	2021-03-22 01:59:40+00
82	75	4	75	5	09/11/2020	14:30	30	OLHAR ANTENA PARABOLICA PARA INSTALAR 4 MIDIA BOX 	EXECUTED  2021-03-22 01:59:40+00	2021-03-22 01:59:40+00
84	94	3	94	6	10/11/2020	08:30	30	LIGAR RECEPTOR CINE BOX 	EXECUTED  2021-03-22 01:59:40+00	2021-03-22 01:59:40+00
85	96	3	96	13	11/11/2020	08:30	30	SINTONIZAR SINAL DA OI TV 	EXECUTED  2021-03-22 01:59:40+00	2021-03-22 01:59:40+00
86	16	2	16	8	11/11/2020	14:30	30	MOTOR ROSSI - SO ABRI NAO FECHA. 	EXECUTED  2021-03-22 01:59:40+00	2021-03-22 01:59:40+00
87	24	2	24	2	12/11/2020	08:30	30	INSTALAR CAMERAS	EXECUTED  2021-03-22 01:59:40+00	2021-03-22 01:59:40+00
88	97	2	97	1	13/11/2020	10:30	30	UMA CAMERA PARADA. 	EXECUTED  2021-03-22 01:59:40+00	2021-03-22 01:59:40+00
89	98	2	98	8	13/11/2020	08:30	30	MOTOR SEM FORCA	EXECUTED  2021-03-22 01:59:40+00	2021-03-22 01:59:40+00
92	39	1	39	10	17/11/2020	08:30	30	SEM AUDIO 	EXECUTED  2021-03-22 01:59:40+00	2021-03-22 01:59:40+00
93	131	2	131	1	20/11/2020	08:30	30	DVR COM PROBLEMA	EXECUTED  2021-03-22 01:59:40+00	2021-03-22 01:59:40+00
94	100	1	100	17	17/11/2020	14:30	30	ALARME COM PROBLEMA	EXECUTED  2021-03-22 01:59:40+00	2021-03-22 01:59:40+00
95	101	1	101	10	19/11/2020	08:30	30	OLHAR PORTEIRO MESTRE 	EXECUTED  2021-03-22 01:59:40+00	2021-03-22 01:59:40+00
96	102	3	102	13	18/11/2020	14:00	30	INSTALAR TV 	EXECUTED  2021-03-22 01:59:40+00	2021-03-22 01:59:40+00
97	103	3	103	13	18/11	15:300	30	PARABOLICA.	EXECUTED  2021-03-22 01:59:40+00	2021-03-22 01:59:40+00
98	104	2	104	10	19/11/2020	08:30	30	ESTA CHAMANDO DIRETO. 	EXECUTED  2021-03-22 01:59:40+00	2021-03-22 01:59:40+00
99	105	3	105	6	20/11/2020	15:00	30	INSTALAÇÃO 02 ANTENAS.                                                                             \nLEVA AS ANTENAS DA LOJA (USADAS).\nLEVA SUPORTE PARA TV	EXECUTED  2021-03-22 01:59:40+00	2021-03-22 01:59:40+00
100	106	3	106	13	20/11/2020	08:30	30	SINAL DA OI TV 	EXECUTED  2021-03-22 01:59:40+00	2021-03-22 01:59:40+00
101	107	3	107	13	20/11/2020	16:00	30	OLHAR SINAL DE TV RECEPTOR CINE BOX FANTASYA DUO	EXECUTED  2021-03-22 01:59:40+00	2021-03-22 01:59:40+00
102	108	3	108	5	21/11/2020	08:30	30	REINSTALACAO NOVO ENDERECO - RETIRAR E INSTALAR. LEVAR FIO. 	EXECUTED  2021-03-22 01:59:40+00	2021-03-22 01:59:40+00
104	111	4	111	18	24/11/2020	14:30	30	ORCAMENTO CAMERAS E VIDEO PORTEIRO	EXECUTED  2021-03-22 01:59:40+00	2021-03-22 01:59:40+00
105	110	3	110	13	24/11/2020	10:30	30	SINAL ANTENA BANDA KU - RECEPTOR EUROSAT E SINTONIZAR RECETOR ANALOGICO PARABOLICA - LEVAR CABO DE FORCA DE PC	EXECUTED  2021-03-22 01:59:40+00	2021-03-22 01:59:40+00
106	25	1	25	1	25/11/2020	08:30	30	RETIRAR CAMERAS DO POSTE DA ESCOLA. 	EXECUTED  2021-03-22 01:59:40+00	2021-03-22 01:59:40+00
107	83	1	83	1	25/11/2020	14:30	30	ACESSO REMOTO E CONCLUIR O SERVICO	EXECUTED  2021-03-22 01:59:40+00	2021-03-22 01:59:40+00
108	112	3	112	13	25/11/2020	15:00	30	TV SEM CONEXAO - CS	EXECUTED  2021-03-22 01:59:40+00	2021-03-22 01:59:40+00
109	113	1	113	8	25/11/2020	17:00	30	CREMALHEIRA QUEBROU	EXECUTED  2021-03-22 01:59:40+00	2021-03-22 01:59:40+00
111	11	3	11	13	26/11/2020	14:00	30	OLHA RECEPTOR CENTURY.\nRECEPTOR DO QUARTO DE RICARDO.	EXECUTED  2021-03-22 01:59:40+00	2021-03-22 01:59:40+00
112	130	3	130	13	28/11/2020	08:00	30	RECEPTOR MIDIA BOX DESPROGRAMADO.	EXECUTED  2021-03-22 01:59:40+00	2021-03-22 01:59:40+00
113	30	2	30	1	27/11/2020	14:00	30	02 CAMERAS SEM PEGAR ( MERCADO).	EXECUTED  2021-03-22 01:59:40+00	2021-03-22 01:59:40+00
114	116	3	116	13	01/12/2020	08:30	30	OLHAR SINAL DE ANTENA PARABOLICA EM NIM DE CHICO NESTOR NAS PLACAS - LEVAR LNB 	EXECUTED  2021-03-22 01:59:40+00	2021-03-22 01:59:40+00
115	117	3	117	13	03/12/2020	14:00	30	OLHA RECPTORES	EXECUTED  2021-03-22 01:59:40+00	2021-03-22 01:59:40+00
116	64	2	64	1	07/12/2020	08:30	30	PAROU TUDO	EXECUTED  2021-03-22 01:59:40+00	2021-03-22 01:59:40+00
117	118	1	118	1	08/12/2020	08:30	30	REVISAR GERAL, CAMERAS PARADAS. 	EXECUTED  2021-03-22 01:59:40+00	2021-03-22 01:59:40+00
118	119	2	119	17	05/12/2020	09:00	30	CONFIGURAR CONTROLE REMOTO NA CENTRAL GENNO	EXECUTED  2021-03-22 01:59:40+00	2021-03-22 01:59:40+00
119	121	2	121	1	07/12/2020	10:30	30	TROCAR UMA CAMERA, UMA PARADA. 	EXECUTED  2021-03-22 01:59:40+00	2021-03-22 01:59:40+00
120	122	2	122	1	11/12/2020	08:30	30	DUAS CAMERAS PARADA, OLHAR MOTOR ESTA COM CREMALHEIRA QUEBRADA E VIDEO PORTEIRO PARADO. 	EXECUTED  2021-03-22 01:59:40+00	2021-03-22 01:59:40+00
121	120	2	120	1	09/12/2020	08:30	30	CAMERAS PARADAS	EXECUTED  2021-03-22 01:59:40+00	2021-03-22 01:59:40+00
122	123	2	123	1	12/12/2020	08:30	30	DUAS CAMERA PARADA	EXECUTED  2021-03-22 01:59:40+00	2021-03-22 01:59:40+00
123	124	3	124	6	10/12/2020	08:30	30	INSTALAR 02 ANTENAS - RECEPTOR ALPHASAT TX	EXECUTED  2021-03-22 01:59:40+00	2021-03-22 01:59:40+00
124	125	3	125	19	10/11/2020	08:30	30	\N	EXECUTED  2021-03-22 01:59:40+00	2021-03-22 01:59:40+00
125	126	3	126	1	10/12/2020	08:30	30	INSTALAR TV\n	EXECUTED  2021-03-22 01:59:40+00	2021-03-22 01:59:40+00
126	125	3	125	19	10/12/2020	12:00	30	\N	EXECUTED  2021-03-22 01:59:40+00	2021-03-22 01:59:40+00
128	128	2	128	2	12/12/2020	08:30	30	INSTALAÇÃO DE CAMERAS \nLEVAR CAIXINHA SOBREPOR. 	EXECUTED  2021-03-22 01:59:40+00	2021-03-22 01:59:40+00
129	129	1	129	8	14/12/2020	15:00	30	\N	EXECUTED  2021-03-22 01:59:40+00	2021-03-22 01:59:40+00
130	130	3	130	2	14/12/2020	14:00	30	INSTALAÇÃO PARABOLICA	EXECUTED  2021-03-22 01:59:40+00	2021-03-22 01:59:40+00
131	131	1	131	7	23/12/2020	08:30	30	MOTOR DZ NANO DA ROSSI	EXECUTED  2021-03-22 01:59:40+00	2021-03-22 01:59:40+00
132	132	4	132	1	15/12/2020	08:30	30	ORÇAMENTO MANUTENCAO SISTEMA DE CFTV	EXECUTED  2021-03-22 01:59:40+00	2021-03-22 01:59:40+00
133	134	3	134	13	15/12/2020	10:30	30	SINAL ANTENA PARABOLICA RECEPTOR ANALOGICO	EXECUTED  2021-03-22 01:59:40+00	2021-03-22 01:59:40+00
136	136	3	136	5	17/12/2020	08:00	30	INSTALAR ANTENA PARABOLICA - LEVAR MULTIPONTO E DIVISOR	EXECUTED  2021-03-22 01:59:40+00	2021-03-22 01:59:40+00
137	137	1	137	8	17/12/2020	14:30	30	IMA SOLTOU	EXECUTED  2021-03-22 01:59:40+00	2021-03-22 01:59:40+00
138	138	1	138	8	17/12/2020	16:00	30	MOTOR BASCULANTE DISPROGRAMADO	EXECUTED  2021-03-22 01:59:40+00	2021-03-22 01:59:40+00
139	75	2	75	1	21/12/2020	14:00	30	NO CRAS.	EXECUTED  2021-03-22 01:59:40+00	2021-03-22 01:59:40+00
140	140	3	140	13	21/12/2020	08:30	30	NANO BOX SEM PEGAR ALGUNS CANAIS	EXECUTED  2021-03-22 01:59:40+00	2021-03-22 01:59:40+00
141	63	1	63	7	22/12/2020	08:30	30	INSTALAR MOTOR RZ RIO JET FLEX 600	EXECUTED  2021-03-22 01:59:40+00	2021-03-22 01:59:40+00
142	11	3	11	13	23/12/2020	15:00	30	NA CASA DO PAI DE RICARDO\n	EXECUTED  2021-03-22 01:59:40+00	2021-03-22 01:59:40+00
143	139	3	139	13	26/12/2020	07:30	30	\N	EXECUTED  2021-03-22 01:59:40+00	2021-03-22 01:59:40+00
144	74	3	74	13	28/12/2020	10:19	30	OLHAR ANTENA	EXECUTED  2021-03-22 01:59:40+00	2021-03-22 01:59:40+00
145	30	3	30	6	28/12/2020	08:30	30	INSTALAR ANTENA NO SITIO	EXECUTED  2021-03-22 01:59:40+00	2021-03-22 01:59:40+00
146	141	2	141	1	04/01/2021	08:30	30	UMA CAMERA PARADA	EXECUTED  2021-03-22 01:59:40+00	2021-03-22 01:59:40+00
147	109	3	109	13	02/01/2021	08:30	30	RECEPTOR SEM SINAL	EXECUTED  2021-03-22 01:59:40+00	2021-03-22 01:59:40+00
148	126	1	126	20	31/12/2020	08:20	30	TELEVISÃO DO CLIENTE ESTÁ PEGANDO APENAS 04 CAMERAS, ELE QUER QUE PEGUE AS 05 CAMERAS.	EXECUTED  2021-03-22 01:59:40+00	2021-03-22 01:59:40+00
149	142	1	142	2	05/01/2021	08:30	30	OLHAR AMBIENTE PARA INSTALAR SISTEMA DE CFTV	EXECUTED  2021-03-22 01:59:40+00	2021-03-22 01:59:40+00
150	143	4	143	18	04/01/2021	14:30	30	ORÇAMENTO CAMERAS	EXECUTED  2021-03-22 01:59:40+00	2021-03-22 01:59:40+00
151	144	2	144	1	07/01/2021	08:30	30	ALGUMAS CAMERAS PARADAS. 	EXECUTED  2021-03-22 01:59:40+00	2021-03-22 01:59:40+00
152	24	2	24	16	08/01/2021	08:30	30	INSTALAR AS CAMERAS QUE FALTA E O SISTEMA DE ALARME	EXECUTED  2021-03-22 01:59:40+00	2021-03-22 01:59:40+00
153	145	3	145	13	05/01/2021	15:30	30	LIGAR RECEPTOR TV 	EXECUTED  2021-03-22 01:59:40+00	2021-03-22 01:59:40+00
154	81	1	81	4	08/01/2021	08:30	30	COLOCAR CENTRAL DE CHOQUE E AJEITAR UM ARAME QUE FOLGOU. 	EXECUTED  2021-03-22 01:59:40+00	2021-03-22 01:59:40+00
155	27	1	27	8	07/01/2021	08:30	30	COLOCAR PLACA NO MOTOR DO PORTAO	EXECUTED  2021-03-22 01:59:40+00	2021-03-22 01:59:40+00
156	146	2	146	8	05/01/2021	15:30	30	OLHAR MOTOR DE PORTAO	EXECUTED  2021-03-22 01:59:40+00	2021-03-22 01:59:40+00
157	147	3	147	13	06/01/2021	13:00	30	ATUALIZAR MIDIA BOX PEGAR A GLOBO	EXECUTED  2021-03-22 01:59:40+00	2021-03-22 01:59:40+00
158	101	2	101	7	09/01/2021	08:30	30	OLHAR PORTAO PARA INSTALAR MOTOR	EXECUTED  2021-03-22 01:59:40+00	2021-03-22 01:59:40+00
159	148	4	148	18	08/01/2021	09:00	30	ORCAMENTO SISTEMA DE CAMERAS	EXECUTED  2021-03-22 01:59:40+00	2021-03-22 01:59:40+00
160	149	1	149	1	08/01/2021	14:00	30	UMA CAMERA PAROU	EXECUTED  2021-03-22 01:59:40+00	2021-03-22 01:59:40+00
161	150	3	150	1	08/01/2021	08:30	30	DUAS CAMERAS PARADA	EXECUTED  2021-03-22 01:59:40+00	2021-03-22 01:59:40+00
162	124	3	124	5	14/01/2021	08:30	30	INSTALAR NANO BOX NO SAO DIOGO	EXECUTED  2021-03-22 01:59:40+00	2021-03-22 01:59:40+00
163	152	3	152	6	18/01/2021	08:30	30	TRANSFERENCIA DE ANTENA	EXECUTED  2021-03-22 01:59:40+00	2021-03-22 01:59:40+00
165	153	2	153	1	20/01/2021	14:00	30	UMA CÂMERA PARADA	EXECUTED  2021-03-22 01:59:40+00	2021-03-22 01:59:40+00
166	131	2	131	7	20/01/2021	08:30	30	INSTALAR MOTOR DZ NANO	EXECUTED  2021-03-22 01:59:40+00	2021-03-22 01:59:40+00
167	30	3	30	13	20/01/2021	16:00	30	LIGAR RECEPTOR	EXECUTED  2021-03-22 01:59:40+00	2021-03-22 01:59:40+00
168	155	1	155	10	20/01/2021	13:00	30	OLHAR INTERFONE, VER SE DA CERTO PRA INSTALAR UM NOVO	EXECUTED  2021-03-22 01:59:40+00	2021-03-22 01:59:40+00
169	156	2	156	8	20/01/2021	13:00	30	OLHAR MOTOR DE PORTAO, SO ESTA INDO PRA UM LADO. 	EXECUTED  2021-03-22 01:59:40+00	2021-03-22 01:59:40+00
170	157	1	157	8	22/01/2021	08:30	30	SENSOR FIM DE CURSO	EXECUTED  2021-03-22 01:59:40+00	2021-03-22 01:59:40+00
171	3	2	3	1	22/01/2021	08:30	30	UMA CAMERA SEM PEGAR	EXECUTED  2021-03-22 01:59:40+00	2021-03-22 01:59:40+00
172	154	2	154	2	21/01/2021	08:30	30	LEVAR FIO, FONTE COLMEIA, FIO DE INTERNET, CONECTORE CAIXA SOBREPOR. 	EXECUTED  2021-03-22 01:59:40+00	2021-03-22 01:59:40+00
173	158	1	158	1	21/01/2021	14:00	30	VER SE O HD ESTÁ GRAVANDO	EXECUTED  2021-03-22 01:59:40+00	2021-03-22 01:59:40+00
174	159	1	159	1	22/01/2021	08:00	30	DVR FAZENDO ZUADA 	EXECUTED  2021-03-22 01:59:40+00	2021-03-22 01:59:40+00
175	160	3	160	13	25/01/2021	13:00	30	ATUALIZAR AZAMERICA S1005	EXECUTED  2021-03-22 01:59:40+00	2021-03-22 01:59:40+00
176	161	3	161	6	25/01/2021	13:30	30	INSTALAR ANTENA USADA SKY	EXECUTED  2021-03-22 01:59:40+00	2021-03-22 01:59:40+00
177	1	1	1	1	29/01/2021	08:30	30	CAMERA DA ENTRADA PARADA	EXECUTED  2021-03-22 01:59:40+00	2021-03-22 01:59:40+00
178	101	1	101	7	28/01/2021	08:30	30	INSTALAR MOTOR DZ ATTO ROSSI	EXECUTED  2021-03-22 01:59:40+00	2021-03-22 01:59:40+00
179	27	2	27	8	28/01/2021	08:30	30	MOTOR PAROU. 	EXECUTED  2021-03-22 01:59:40+00	2021-03-22 01:59:40+00
180	11	2	11	1	29/01/2021	08:00	30	MANUTENÇÃO NAS CÂMERAS DO VARANDA\nLIGAR ANTES DE IR PARA SABER SE DÁ CERTO, POIS O MESMO ESTÁ PASSANDO POR MANUTENÇÃO(LIMPEZA)\n	EXECUTED  2021-03-22 01:59:40+00	2021-03-22 01:59:40+00
181	162	3	162	6	27/01/2021	15:30	30	INSTALAÇÃO DE  ANTENA KU.\nRECPTOR: AZAMERICA CHANPION .	EXECUTED  2021-03-22 01:59:41+00	2021-03-22 01:59:41+00
182	163	3	163	13	28/01/2021	16:30	30	ATUALIZAR RECEPTOR E FAZER BUSCA DO BBB	EXECUTED  2021-03-22 01:59:41+00	2021-03-22 01:59:41+00
183	85	4	85	18	28/01/2021	15:00	30	ORCAMENTO SISTEMA DE CAMERAS E MANUTENCAO EM PORTAO	EXECUTED  2021-03-22 01:59:41+00	2021-03-22 01:59:41+00
184	124	3	124	6	28/01/2021	13:00	30	SINAL ANTENA	EXECUTED  2021-03-22 01:59:41+00	2021-03-22 01:59:41+00
185	116	3	116	6	29/01/2021	13:00	30	INSTALAR SISTEMA 01 ANTENA EM SAO JOAO BOSCO	EXECUTED  2021-03-22 01:59:41+00	2021-03-22 01:59:41+00
186	164	2	164	2	29/01/2021	08:30	30	INSTALAR SISTEMA DE CFTV INTELBRAS	EXECUTED  2021-03-22 01:59:41+00	2021-03-22 01:59:41+00
187	165	1	165	4	29/01/2021	16:00	30	CONTROLE REMOTO SEM PEGAR	EXECUTED  2021-03-22 01:59:41+00	2021-03-22 01:59:41+00
188	71	1	71	9	01/02/2021	09:00	30	INSTALAR PORTEIRO ELETRONICO	EXECUTED  2021-03-22 01:59:41+00	2021-03-22 01:59:41+00
189	166	3	166	13	02/02/2021	14:00	30	ANTENA PARABOLICA SEM SINAL	EXECUTED  2021-03-22 01:59:41+00	2021-03-22 01:59:41+00
190	30	2	30	1	02/02/2021	14:00	30	OLHAR CAMERAS NO MERCADO 	EXECUTED  2021-03-22 01:59:41+00	2021-03-22 01:59:41+00
191	167	2	167	8	03/02/2021	13:00	30	MOTOR ROSSI PARADO 	EXECUTED  2021-03-22 01:59:41+00	2021-03-22 01:59:41+00
192	142	2	142	1	03/02/2021	08:30	30	CAMERAS PARADA	EXECUTED  2021-03-22 01:59:41+00	2021-03-22 01:59:41+00
193	163	3	163	13	03/02/2021	16:00	30	TROCAR TV DE LOCAL 	EXECUTED  2021-03-22 01:59:41+00	2021-03-22 01:59:41+00
194	35	1	35	4	04/02/2021	08:30	30	BOTAR ISOLADOR NA PAREDE PRA NAO PASSAR RATO	EXECUTED  2021-03-22 01:59:41+00	2021-03-22 01:59:41+00
195	26	2	26	1	04/02/2021	14:00	30	\N	EXECUTED  2021-03-22 01:59:41+00	2021-03-22 01:59:41+00
196	60	2	60	4	04/02/2021	17:00	30	CERCA SOLTANDO FAISCA	EXECUTED  2021-03-22 01:59:41+00	2021-03-22 01:59:41+00
197	98	2	98	1	05/02/2021	08:30	30	CAMERA DE FORA COM MAL CONTATO, MUDANDO DE COR. 	EXECUTED  2021-03-22 01:59:41+00	2021-03-22 01:59:41+00
198	113	2	113	8	05/02/2021	10:00	30	TROCAR CREMALHEIRA	EXECUTED  2021-03-22 01:59:41+00	2021-03-22 01:59:41+00
199	168	1	168	8	05/02/2021	08:30	30	MOTOR ESTA PULANDO, TALVEZ SEJA PROBLEMA NA CREMALHEIRA	EXECUTED  2021-03-22 01:59:41+00	2021-03-22 01:59:41+00
200	85	2	85	2	05/02/2021	09:00	30	INSTALAR DUAS CAMERAS EXTERNAS INTELBRAS NA CASA NA RUA DE NAILTON DA TAPECARIA. 	EXECUTED  2021-03-22 01:59:41+00	2021-03-22 01:59:41+00
201	111	3	111	4	04/02/2021	13:00	30	RETIRAR CENTRAL DE CHOQUE PARA FAZER TESTE - ESTA DIPARANDO TODO DIA AS 6;00 DA MANHA. 	EXECUTED  2021-03-22 01:59:41+00	2021-03-22 01:59:41+00
202	1	1	1	10	08/02/2021	13:00	30	OLHAR INTERFONE DA ENTRADA QUE TA PARADO, LEVAR UM NOVO. 	EXECUTED  2021-03-22 01:59:41+00	2021-03-22 01:59:41+00
203	169	3	169	5	09/02/2021	08:00	30	RECEPTOR ANALOGICO	EXECUTED  2021-03-22 01:59:41+00	2021-03-22 01:59:41+00
204	170	3	170	13	09/02/2021	14:00	30	PARABOLICA SEM SINAL	EXECUTED  2021-03-22 01:59:41+00	2021-03-22 01:59:41+00
205	171	1	171	4	09/02/2021	14:00	30	REVISAR CERCA ELETRICA E CAMERAS 	EXECUTED  2021-03-22 01:59:41+00	2021-03-22 01:59:41+00
206	172	3	172	5	10/02/2021	08:30	30	INSTALAR ANTENA PARABOLICA 	EXECUTED  2021-03-22 01:59:41+00	2021-03-22 01:59:41+00
207	173	1	173	8	11/02/2021	08:00	30	DEIXAR 02 CONTROLES DO MOTOR	EXECUTED  2021-03-22 01:59:41+00	2021-03-22 01:59:41+00
208	25	1	25	2	11/02/2021	08:30	30	INSTALAR 02 CAMERAS DA ESCOLA	EXECUTED  2021-03-22 01:59:41+00	2021-03-22 01:59:41+00
209	98	1	98	1	11/02/2021	10:00	30	RESETAR SENHA DO DVR DA CASA DELA 	EXECUTED  2021-03-22 01:59:41+00	2021-03-22 01:59:41+00
210	81	1	81	7	20/02/2021	08:00	30	\N	EXECUTED  2021-03-22 01:59:41+00	2021-03-22 01:59:41+00
211	174	3	174	13	11/02/2021	10:00	30	OLHAR MIDIA BOX 	EXECUTED  2021-03-22 01:59:41+00	2021-03-22 01:59:41+00
212	175	1	175	2	12/02/2021	08:00	30	DVR 08 CANAL COM 04 CAMERAS 02 DOME E 2 BULLET 	EXECUTED  2021-03-22 01:59:41+00	2021-03-22 01:59:41+00
213	24	1	24	1	18/02/2021	08:00	30	DUAS CAMERAS PARADAS	EXECUTED  2021-03-22 01:59:41+00	2021-03-22 01:59:41+00
214	19	1	19	2	18/02/2021	14:00	30	INSTALAR 02 CAMERAS MIBO IP 	EXECUTED  2021-03-22 01:59:41+00	2021-03-22 01:59:41+00
215	163	3	163	13	13/02/2021	08:00	30	TV DA CASA DE JAILMA TA SEM PEGAR - LIGAR PRA PETA 	EXECUTED  2021-03-22 01:59:41+00	2021-03-22 01:59:41+00
216	176	1	176	8	19/02/2021	08:00	30	MOTOR ESTA TRAVANDO AO FECHAR. 	EXECUTED  2021-03-22 01:59:41+00	2021-03-22 01:59:41+00
217	27	1	27	8	19/02/2021	14:00	30	TROCAR PLACA DO MOTOR PPA DZ HOME 	EXECUTED  2021-03-22 01:59:41+00	2021-03-22 01:59:41+00
218	164	4	164	18	21/02/2021	09:00	30	VER LOCAL PARA INSTALAR CAMERAS 	EXECUTED  2021-03-22 01:59:41+00	2021-03-22 01:59:41+00
219	177	1	177	8	18/02/2021	13:00	30	MOTOR TA PARTINDO E NAO ABRI	EXECUTED  2021-03-22 01:59:41+00	2021-03-22 01:59:41+00
220	178	3	178	13	18/02/2021	14:00	30	SINAL DA OI TV 	EXECUTED  2021-03-22 01:59:41+00	2021-03-22 01:59:41+00
221	179	4	179	18	24/02/2021	14:00	30	ORÇAMENTO CERCA ELETRICA COM CONCERTINA	EXECUTED  2021-03-22 01:59:41+00	2021-03-22 01:59:41+00
222	32	3	32	2	19/02/2021	09:00	30	LIGAR CAMERA	EXECUTED  2021-03-22 01:59:41+00	2021-03-22 01:59:41+00
223	34	2	34	4	23/02/2021	08:00	30	CENTRAL NAO TA PEGANDO. 	EXECUTED  2021-03-22 01:59:41+00	2021-03-22 01:59:41+00
224	10	1	10	4	19/02/2021	08:30	30	COLOCAR BATERIA NA CENTRAL	EXECUTED  2021-03-22 01:59:41+00	2021-03-22 01:59:41+00
225	180	4	180	18	19/02/2021	10:00	30	ORCAMENTO MANUTENCAO DE CAMERAS 	EXECUTED  2021-03-22 01:59:41+00	2021-03-22 01:59:41+00
226	181	2	181	1	25/02/2021	08:00	30	INSTALAR CAMERAS NA FABRICA - ARRUMAR CASCATA DO DVR 16 CANAL COM ALBERTO	EXECUTED  2021-03-22 01:59:41+00	2021-03-22 01:59:41+00
227	182	3	182	13	19/02/2021	14:00	30	LIGAR AS TVS QUE CHEGOU DO CONSERTO	EXECUTED  2021-03-22 01:59:41+00	2021-03-22 01:59:41+00
229	13	1	13	1	23/02/2021	14:00	30	DUAS CAMERAS PARADAS	EXECUTED  2021-03-22 01:59:41+00	2021-03-22 01:59:41+00
230	30	1	30	1	23/02/2021	17:00	30	TROCAR DE CÂMERA.\nTIRA CAMERA ZIRON DA LOJA É FAZER A TROCAR.	EXECUTED  2021-03-22 01:59:41+00	2021-03-22 01:59:41+00
231	31	3	31	22	26/03/2021	08:30	30	ORGANIZAR FIACAO DA PARABOLICA 	EXECUTED  2021-03-23 12:33:42+00	2021-03-23 12:33:42+00
232	75	3	75	5	24/03/2021	08:30	30	INSTALAR MIDIA BOX B4 NA PREFEITURA	EXECUTED  2021-03-23 12:34:21+00	2021-03-23 12:34:21+00
233	184	2	184	1	24/03/2021	08:30	30	ORÇAMENTO	EXECUTED  2021-03-23 12:39:54+00	2021-03-23 12:39:54+00
234	144	2	144	1	24/03/2021	08:30	30	TROCAR FONTE COLMEIA E VER ORCAMENTO PRA ENBUTIR OS FIOS. EXECUTED	 2021-03-23 12:43:02+00	2021-03-23 12:43:02+00
235	23	2	23	7	23/03/2021	10:00	30	INSTALAR MOTOR DE PORTAO 	EXECUTED  2021-03-23 12:45:55+00	2021-03-23 12:45:55+00
236	3	1	3	1	25/03/2021	08:00	30	TROCAR FIO DA CAMERA DE FORA. 	EXECUTED  2021-03-23 12:51:17+00	2021-03-23 12:51:17+00
237	185	2	185	10	23/03/2021	08:30	30	NAO ESTA DESTRAVANDO A FECHADURA. 	EXECUTED  2021-03-23 12:56:49+00	2021-03-23 12:56:49+00
238	186	3	186	13	27/03/2021	08:00	30	SINAL BAIXO 	EXECUTED  2021-03-23 13:13:22+00	2021-03-23 13:13:22+00
239	187	1	187	4	24/03/2021	08:00	30	ORÇAMENTO	EXECUTED  2021-03-23 13:22:18+00	2021-03-23 13:22:18+00
240	180	1	180	1	25/03/2021	10:00	30	CAMERAS COM IMAGEM RUIM 	EXECUTED  2021-03-23 13:25:05+00	2021-03-23 13:25:05+00
241	113	2	113	8	26/03/2021	08:00	30	TROCAR CREMALHEIRA	EXECUTED  2021-03-23 13:26:02+00	2021-03-23 13:26:02+00
242	58	1	58	7	30/03/2021	08:00	30	INSTALAR MOTOR DZ ATTO	EXECUTED  2021-03-23 13:27:01+00	2021-03-23 13:27:01+00
243	111	2	111	4	30/03/2021	08:00	30	INSTALAR CENTRAL DE CHOQUE	EXECUTED  2021-03-23 13:29:36+00	2021-03-23 13:29:36+00
244	43	2	43	2	24/03/2021	08:00	30	PASSA FIO P/ 4 CAMERAS 	EXECUTED  2021-03-23 14:48:11+00	2021-03-23 14:48:11+00
245	131	3	131	13	25/03/2021	08:00	30	PASSAR FIO DE INTERNET	EXECUTED  2021-03-24 13:43:54+00	2021-03-24 13:43:54+00
248	194	3	188	13	26/03/2021	08:00	30	OLHAR SINAL DO MIDIA BOX 	EXECUTED  2021-03-25 18:54:15+00	2021-03-25 18:54:15+00
249	195	3	189	13	26/03/2021	08:00	30	OLHAR PARABOLICA DA POUSADA	EXECUTED  2021-03-25 19:20:42+00	2021-03-25 19:20:42+00
250	196	1	190	10	27/03/2021	08:00	30	TROCAR FECHADURA ELETRICA	EXECUTED  2021-03-25 20:13:05+00	2021-03-25 20:13:05+00
251	197	3	191	13	26/03/2021	08:00	30	OLHAR SINAL DA ANTENA PARABOLICA 	EXECUTED  2021-03-26 17:11:12+00	2021-03-26 17:11:12+00
252	198	1	192	2	05/04/2021	14:00	30	LEVAR FONTE 10AP E CABO HDMI 2M E CABO DE REDE PARA CONECTAR O DVR. 	EXECUTED  2021-03-26 18:59:53+00	2021-03-26 18:59:53+00
\.


--
-- TOC entry 3038 (class 0 OID 16586)
-- Dependencies: 209
-- Data for Name: products; Type: TABLE DATA; Schema: public; Owner: postgres
--

COPY public.products (id, codigo, nome, price_custo, price_venda, und_medida, created_at, updated_at) FROM stdin;
\.


--
-- TOC entry 3040 (class 0 OID 16597)
-- Dependencies: 211
-- Data for Name: services; Type: TABLE DATA; Schema: public; Owner: postgres
--

COPY public.services (id, name, created_at, updated_at) FROM stdin;
1	MANUTENÇÃO -  CFTV	2021-03-22 01:59:35+00	2021-03-22 01:59:35+00
2	INSTALAÇÃO - CFTV	2021-03-22 01:59:35+00	2021-03-22 01:59:35+00
3	INSTALACAO CERCA ELETRICA	2021-03-22 01:59:35+00	2021-03-22 01:59:35+00
4	MANUTENCAO CERCA ELETRICA	2021-03-22 01:59:35+00	2021-03-22 01:59:35+00
5	INSTALACAO ANTENA PARABOLICA BANDA C	2021-03-22 01:59:35+00	2021-03-22 01:59:35+00
6	INSTALACAO ANTENA BANDA KU	2021-03-22 01:59:35+00	2021-03-22 01:59:35+00
7	INSTALACAO DE MOTOR DE PORTAO	2021-03-22 01:59:35+00	2021-03-22 01:59:35+00
8	MANUTENCAO MOTOR DE PORTAO	2021-03-22 01:59:35+00	2021-03-22 01:59:35+00
9	INSTALACAO PORTEIRO ELETRONICO	2021-03-22 01:59:35+00	2021-03-22 01:59:35+00
10	MANUTENCAO PORTEIRO ELETRONICO	2021-03-22 01:59:35+00	2021-03-22 01:59:35+00
11	MONTAGEM DE SUPORTE DE TV	2021-03-22 01:59:35+00	2021-03-22 01:59:35+00
12	ATUALIZACAO DE RECEPTORES	2021-03-22 01:59:35+00	2021-03-22 01:59:35+00
13	MANUNTEÇÃO DE SISTEMA DE TV	2021-03-22 01:59:35+00	2021-03-22 01:59:35+00
15	ORÇAMENTO MOTOR PARA PORTÃO.	2021-03-22 01:59:35+00	2021-03-22 01:59:35+00
16	INSTALACAO SISTEMA DE ALARME 	2021-03-22 01:59:35+00	2021-03-22 01:59:35+00
17	MANUTENCAO SISTEMA DE ALARME	2021-03-22 01:59:35+00	2021-03-22 01:59:35+00
18	ORCAMENTO	2021-03-22 01:59:35+00	2021-03-22 01:59:35+00
19	TRANSFERENCIA DE ANTENAS 	2021-03-22 01:59:35+00	2021-03-22 01:59:35+00
20	CONFIGURAÇÃO CÂMERA IP.	2021-03-22 01:59:35+00	2021-03-22 01:59:35+00
22	OUTROS	2021-03-23 12:32:39+00	2021-03-23 12:32:39+00
\.


--
-- TOC entry 3034 (class 0 OID 16561)
-- Dependencies: 205
-- Data for Name: tokens; Type: TABLE DATA; Schema: public; Owner: postgres
--

COPY public.tokens (id, user_id, token, type, is_revoked, created_at, updated_at) FROM stdin;
\.


--
-- TOC entry 3036 (class 0 OID 16578)
-- Dependencies: 207
-- Data for Name: tools; Type: TABLE DATA; Schema: public; Owner: postgres
--

COPY public.tools (id, name, marca, created_at, updated_at) FROM stdin;
\.


--
-- TOC entry 3032 (class 0 OID 16549)
-- Dependencies: 203
-- Data for Name: users; Type: TABLE DATA; Schema: public; Owner: postgres
--

COPY public.users (id, username, email, password, created_at, updated_at) FROM stdin;
1	Wellington Fernandes da Costa	wellingtonuna@hotmail.com	$2a$10$/.rg//mVp5/gLLFA57bvGuiJl18vizY9YU7r4sLf8Cd1/ML5NaJNy	2021-03-22 01:59:35+00	2021-03-22 01:59:35+00
\.


--
-- TOC entry 3064 (class 0 OID 0)
-- Dependencies: 200
-- Name: adonis_schema_id_seq; Type: SEQUENCE SET; Schema: public; Owner: postgres
--

SELECT pg_catalog.setval('public.adonis_schema_id_seq', 18, true);


--
-- TOC entry 3065 (class 0 OID 0)
-- Dependencies: 214
-- Name: adresses_id_seq; Type: SEQUENCE SET; Schema: public; Owner: postgres
--

SELECT pg_catalog.setval('public.adresses_id_seq', 192, true);


--
-- TOC entry 3066 (class 0 OID 0)
-- Dependencies: 212
-- Name: clients_id_seq; Type: SEQUENCE SET; Schema: public; Owner: postgres
--

SELECT pg_catalog.setval('public.clients_id_seq', 198, true);


--
-- TOC entry 3067 (class 0 OID 0)
-- Dependencies: 216
-- Name: collaborators_id_seq; Type: SEQUENCE SET; Schema: public; Owner: postgres
--

SELECT pg_catalog.setval('public.collaborators_id_seq', 4, true);


--
-- TOC entry 3068 (class 0 OID 0)
-- Dependencies: 218
-- Name: ordens_services_id_seq; Type: SEQUENCE SET; Schema: public; Owner: postgres
--

SELECT pg_catalog.setval('public.ordens_services_id_seq', 252, true);


--
-- TOC entry 3069 (class 0 OID 0)
-- Dependencies: 208
-- Name: products_id_seq; Type: SEQUENCE SET; Schema: public; Owner: postgres
--

SELECT pg_catalog.setval('public.products_id_seq', 1, false);


--
-- TOC entry 3070 (class 0 OID 0)
-- Dependencies: 210
-- Name: services_id_seq; Type: SEQUENCE SET; Schema: public; Owner: postgres
--

SELECT pg_catalog.setval('public.services_id_seq', 22, true);


--
-- TOC entry 3071 (class 0 OID 0)
-- Dependencies: 204
-- Name: tokens_id_seq; Type: SEQUENCE SET; Schema: public; Owner: postgres
--

SELECT pg_catalog.setval('public.tokens_id_seq', 1, false);


--
-- TOC entry 3072 (class 0 OID 0)
-- Dependencies: 206
-- Name: tools_id_seq; Type: SEQUENCE SET; Schema: public; Owner: postgres
--

SELECT pg_catalog.setval('public.tools_id_seq', 1, false);


--
-- TOC entry 3073 (class 0 OID 0)
-- Dependencies: 202
-- Name: users_id_seq; Type: SEQUENCE SET; Schema: public; Owner: postgres
--

SELECT pg_catalog.setval('public.users_id_seq', 1, true);


--
-- TOC entry 2865 (class 2606 OID 16394)
-- Name: adonis_schema adonis_schema_pkey; Type: CONSTRAINT; Schema: public; Owner: postgres
--

ALTER TABLE ONLY public.adonis_schema
    ADD CONSTRAINT adonis_schema_pkey PRIMARY KEY (id);


--
-- TOC entry 2886 (class 2606 OID 16624)
-- Name: adresses adresses_pkey; Type: CONSTRAINT; Schema: public; Owner: postgres
--

ALTER TABLE ONLY public.adresses
    ADD CONSTRAINT adresses_pkey PRIMARY KEY (id);


--
-- TOC entry 2884 (class 2606 OID 16613)
-- Name: clients clients_pkey; Type: CONSTRAINT; Schema: public; Owner: postgres
--

ALTER TABLE ONLY public.clients
    ADD CONSTRAINT clients_pkey PRIMARY KEY (id);


--
-- TOC entry 2888 (class 2606 OID 16642)
-- Name: collaborators collaborators_contato_unique; Type: CONSTRAINT; Schema: public; Owner: postgres
--

ALTER TABLE ONLY public.collaborators
    ADD CONSTRAINT collaborators_contato_unique UNIQUE (contato);


--
-- TOC entry 2890 (class 2606 OID 16640)
-- Name: collaborators collaborators_pkey; Type: CONSTRAINT; Schema: public; Owner: postgres
--

ALTER TABLE ONLY public.collaborators
    ADD CONSTRAINT collaborators_pkey PRIMARY KEY (id);


--
-- TOC entry 2892 (class 2606 OID 16653)
-- Name: ordens_services ordens_services_pkey; Type: CONSTRAINT; Schema: public; Owner: postgres
--

ALTER TABLE ONLY public.ordens_services
    ADD CONSTRAINT ordens_services_pkey PRIMARY KEY (id);


--
-- TOC entry 2880 (class 2606 OID 16594)
-- Name: products products_pkey; Type: CONSTRAINT; Schema: public; Owner: postgres
--

ALTER TABLE ONLY public.products
    ADD CONSTRAINT products_pkey PRIMARY KEY (id);


--
-- TOC entry 2882 (class 2606 OID 16602)
-- Name: services services_pkey; Type: CONSTRAINT; Schema: public; Owner: postgres
--

ALTER TABLE ONLY public.services
    ADD CONSTRAINT services_pkey PRIMARY KEY (id);


--
-- TOC entry 2873 (class 2606 OID 16567)
-- Name: tokens tokens_pkey; Type: CONSTRAINT; Schema: public; Owner: postgres
--

ALTER TABLE ONLY public.tokens
    ADD CONSTRAINT tokens_pkey PRIMARY KEY (id);


--
-- TOC entry 2876 (class 2606 OID 16574)
-- Name: tokens tokens_token_unique; Type: CONSTRAINT; Schema: public; Owner: postgres
--

ALTER TABLE ONLY public.tokens
    ADD CONSTRAINT tokens_token_unique UNIQUE (token);


--
-- TOC entry 2878 (class 2606 OID 16583)
-- Name: tools tools_pkey; Type: CONSTRAINT; Schema: public; Owner: postgres
--

ALTER TABLE ONLY public.tools
    ADD CONSTRAINT tools_pkey PRIMARY KEY (id);


--
-- TOC entry 2867 (class 2606 OID 16558)
-- Name: users users_email_unique; Type: CONSTRAINT; Schema: public; Owner: postgres
--

ALTER TABLE ONLY public.users
    ADD CONSTRAINT users_email_unique UNIQUE (email);


--
-- TOC entry 2869 (class 2606 OID 16554)
-- Name: users users_pkey; Type: CONSTRAINT; Schema: public; Owner: postgres
--

ALTER TABLE ONLY public.users
    ADD CONSTRAINT users_pkey PRIMARY KEY (id);


--
-- TOC entry 2871 (class 2606 OID 16556)
-- Name: users users_username_unique; Type: CONSTRAINT; Schema: public; Owner: postgres
--

ALTER TABLE ONLY public.users
    ADD CONSTRAINT users_username_unique UNIQUE (username);


--
-- TOC entry 2874 (class 1259 OID 16575)
-- Name: tokens_token_index; Type: INDEX; Schema: public; Owner: postgres
--

CREATE INDEX tokens_token_index ON public.tokens USING btree (token);


--
-- TOC entry 2894 (class 2606 OID 16625)
-- Name: adresses adresses_client_id_foreign; Type: FK CONSTRAINT; Schema: public; Owner: postgres
--

ALTER TABLE ONLY public.adresses
    ADD CONSTRAINT adresses_client_id_foreign FOREIGN KEY (client_id) REFERENCES public.clients(id) ON UPDATE CASCADE ON DELETE CASCADE;


--
-- TOC entry 2897 (class 2606 OID 16664)
-- Name: ordens_services ordens_services_adress_id_foreign; Type: FK CONSTRAINT; Schema: public; Owner: postgres
--

ALTER TABLE ONLY public.ordens_services
    ADD CONSTRAINT ordens_services_adress_id_foreign FOREIGN KEY (adress_id) REFERENCES public.adresses(id) ON UPDATE CASCADE ON DELETE CASCADE;


--
-- TOC entry 2895 (class 2606 OID 16654)
-- Name: ordens_services ordens_services_client_id_foreign; Type: FK CONSTRAINT; Schema: public; Owner: postgres
--

ALTER TABLE ONLY public.ordens_services
    ADD CONSTRAINT ordens_services_client_id_foreign FOREIGN KEY (client_id) REFERENCES public.clients(id) ON UPDATE CASCADE ON DELETE CASCADE;


--
-- TOC entry 2896 (class 2606 OID 16659)
-- Name: ordens_services ordens_services_colaborator_id_foreign; Type: FK CONSTRAINT; Schema: public; Owner: postgres
--

ALTER TABLE ONLY public.ordens_services
    ADD CONSTRAINT ordens_services_colaborator_id_foreign FOREIGN KEY (colaborator_id) REFERENCES public.collaborators(id) ON UPDATE CASCADE ON DELETE CASCADE;


--
-- TOC entry 2898 (class 2606 OID 16669)
-- Name: ordens_services ordens_services_service_id_foreign; Type: FK CONSTRAINT; Schema: public; Owner: postgres
--

ALTER TABLE ONLY public.ordens_services
    ADD CONSTRAINT ordens_services_service_id_foreign FOREIGN KEY (service_id) REFERENCES public.services(id) ON UPDATE CASCADE ON DELETE CASCADE;


--
-- TOC entry 2893 (class 2606 OID 16568)
-- Name: tokens tokens_user_id_foreign; Type: FK CONSTRAINT; Schema: public; Owner: postgres
--

ALTER TABLE ONLY public.tokens
    ADD CONSTRAINT tokens_user_id_foreign FOREIGN KEY (user_id) REFERENCES public.users(id);


-- Completed on 2021-04-04 21:45:13 UTC

--
-- PostgreSQL database dump complete
--

