--
-- PostgreSQL database dump
--

-- Dumped from database version 13.2 (Ubuntu 13.2-1.pgdg18.04+1)
-- Dumped by pg_dump version 13.2 (Ubuntu 13.2-1.pgdg18.04+1)

SET statement_timeout = 0;
SET lock_timeout = 0;
SET idle_in_transaction_session_timeout = 0;
SET client_encoding = 'UTF8';
SET standard_conforming_strings = on;
SELECT pg_catalog.set_config('search_path', '', false);
SET check_function_bodies = false;
SET xmloption = content;
SET client_min_messages = warning;
SET row_security = off;

SET default_tablespace = '';

SET default_table_access_method = heap;

--
-- Name: adonis_schema; Type: TABLE; Schema: public; Owner: postgres
--

CREATE TABLE public.adonis_schema (
    id integer NOT NULL,
    name character varying(255),
    batch integer,
    migration_time timestamp with time zone DEFAULT CURRENT_TIMESTAMP
);


ALTER TABLE public.adonis_schema OWNER TO postgres;

--
-- Name: adonis_schema_id_seq; Type: SEQUENCE; Schema: public; Owner: postgres
--

CREATE SEQUENCE public.adonis_schema_id_seq
    AS integer
    START WITH 1
    INCREMENT BY 1
    NO MINVALUE
    NO MAXVALUE
    CACHE 1;


ALTER TABLE public.adonis_schema_id_seq OWNER TO postgres;

--
-- Name: adonis_schema_id_seq; Type: SEQUENCE OWNED BY; Schema: public; Owner: postgres
--

ALTER SEQUENCE public.adonis_schema_id_seq OWNED BY public.adonis_schema.id;


--
-- Name: adresses; Type: TABLE; Schema: public; Owner: postgres
--

CREATE TABLE public.adresses (
    id integer NOT NULL,
    client_id integer,
    cep character varying(10) NOT NULL,
    longradouro character varying(140),
    complemento character varying(60),
    numero character varying(40),
    pont_ref character varying(240),
    bairro character varying(60),
    cidade character varying(60),
    estado character varying(60),
    lat character varying(30),
    long character varying(30),
    zone character varying(240),
    created_at timestamp with time zone,
    updated_at timestamp with time zone
);


ALTER TABLE public.adresses OWNER TO postgres;

--
-- Name: adresses_id_seq; Type: SEQUENCE; Schema: public; Owner: postgres
--

CREATE SEQUENCE public.adresses_id_seq
    AS integer
    START WITH 1
    INCREMENT BY 1
    NO MINVALUE
    NO MAXVALUE
    CACHE 1;


ALTER TABLE public.adresses_id_seq OWNER TO postgres;

--
-- Name: adresses_id_seq; Type: SEQUENCE OWNED BY; Schema: public; Owner: postgres
--

ALTER SEQUENCE public.adresses_id_seq OWNED BY public.adresses.id;


--
-- Name: clients; Type: TABLE; Schema: public; Owner: postgres
--

CREATE TABLE public.clients (
    id integer NOT NULL,
    name character varying(240) NOT NULL,
    cpf character varying(240) NOT NULL,
    apelido character varying(240) NOT NULL,
    contato character varying(240) NOT NULL,
    created_at timestamp with time zone,
    updated_at timestamp with time zone
);


ALTER TABLE public.clients OWNER TO postgres;

--
-- Name: clients_id_seq; Type: SEQUENCE; Schema: public; Owner: postgres
--

CREATE SEQUENCE public.clients_id_seq
    AS integer
    START WITH 1
    INCREMENT BY 1
    NO MINVALUE
    NO MAXVALUE
    CACHE 1;


ALTER TABLE public.clients_id_seq OWNER TO postgres;

--
-- Name: clients_id_seq; Type: SEQUENCE OWNED BY; Schema: public; Owner: postgres
--

ALTER SEQUENCE public.clients_id_seq OWNED BY public.clients.id;


--
-- Name: collaborators; Type: TABLE; Schema: public; Owner: postgres
--

CREATE TABLE public.collaborators (
    id integer NOT NULL,
    name character varying(255) NOT NULL,
    cpf character varying(255),
    rg character varying(255),
    contato character varying(255) NOT NULL,
    password character varying(255) NOT NULL,
    cargo character varying(255),
    created_at timestamp with time zone,
    updated_at timestamp with time zone
);


ALTER TABLE public.collaborators OWNER TO postgres;

--
-- Name: collaborators_id_seq; Type: SEQUENCE; Schema: public; Owner: postgres
--

CREATE SEQUENCE public.collaborators_id_seq
    AS integer
    START WITH 1
    INCREMENT BY 1
    NO MINVALUE
    NO MAXVALUE
    CACHE 1;


ALTER TABLE public.collaborators_id_seq OWNER TO postgres;

--
-- Name: collaborators_id_seq; Type: SEQUENCE OWNED BY; Schema: public; Owner: postgres
--

ALTER SEQUENCE public.collaborators_id_seq OWNED BY public.collaborators.id;


--
-- Name: ordens_services; Type: TABLE; Schema: public; Owner: postgres
--

CREATE TABLE public.ordens_services (
    id integer NOT NULL,
    client_id integer,
    colaborator_id integer,
    adress_id integer,
    service_id integer,
    data character varying(255) NOT NULL,
    hora character varying(255),
    tempo character varying(255),
    obs character varying(255),
    status character varying(255),
    created_at timestamp with time zone,
    updated_at timestamp with time zone
);


ALTER TABLE public.ordens_services OWNER TO postgres;

--
-- Name: ordens_services_id_seq; Type: SEQUENCE; Schema: public; Owner: postgres
--

CREATE SEQUENCE public.ordens_services_id_seq
    AS integer
    START WITH 1
    INCREMENT BY 1
    NO MINVALUE
    NO MAXVALUE
    CACHE 1;


ALTER TABLE public.ordens_services_id_seq OWNER TO postgres;

--
-- Name: ordens_services_id_seq; Type: SEQUENCE OWNED BY; Schema: public; Owner: postgres
--

ALTER SEQUENCE public.ordens_services_id_seq OWNED BY public.ordens_services.id;


--
-- Name: products; Type: TABLE; Schema: public; Owner: postgres
--

CREATE TABLE public.products (
    id integer NOT NULL,
    codigo character varying(240) NOT NULL,
    nome character varying(240),
    price_custo character varying(240),
    price_venda character varying(240),
    und_medida character varying(240),
    created_at timestamp with time zone,
    updated_at timestamp with time zone
);


ALTER TABLE public.products OWNER TO postgres;

--
-- Name: products_id_seq; Type: SEQUENCE; Schema: public; Owner: postgres
--

CREATE SEQUENCE public.products_id_seq
    AS integer
    START WITH 1
    INCREMENT BY 1
    NO MINVALUE
    NO MAXVALUE
    CACHE 1;


ALTER TABLE public.products_id_seq OWNER TO postgres;

--
-- Name: products_id_seq; Type: SEQUENCE OWNED BY; Schema: public; Owner: postgres
--

ALTER SEQUENCE public.products_id_seq OWNED BY public.products.id;


--
-- Name: services; Type: TABLE; Schema: public; Owner: postgres
--

CREATE TABLE public.services (
    id integer NOT NULL,
    name character varying(240) NOT NULL,
    created_at timestamp with time zone,
    updated_at timestamp with time zone
);


ALTER TABLE public.services OWNER TO postgres;

--
-- Name: services_id_seq; Type: SEQUENCE; Schema: public; Owner: postgres
--

CREATE SEQUENCE public.services_id_seq
    AS integer
    START WITH 1
    INCREMENT BY 1
    NO MINVALUE
    NO MAXVALUE
    CACHE 1;


ALTER TABLE public.services_id_seq OWNER TO postgres;

--
-- Name: services_id_seq; Type: SEQUENCE OWNED BY; Schema: public; Owner: postgres
--

ALTER SEQUENCE public.services_id_seq OWNED BY public.services.id;


--
-- Name: tokens; Type: TABLE; Schema: public; Owner: postgres
--

CREATE TABLE public.tokens (
    id integer NOT NULL,
    user_id integer,
    token character varying(255) NOT NULL,
    type character varying(80) NOT NULL,
    is_revoked boolean DEFAULT false,
    created_at timestamp with time zone,
    updated_at timestamp with time zone
);


ALTER TABLE public.tokens OWNER TO postgres;

--
-- Name: tokens_id_seq; Type: SEQUENCE; Schema: public; Owner: postgres
--

CREATE SEQUENCE public.tokens_id_seq
    AS integer
    START WITH 1
    INCREMENT BY 1
    NO MINVALUE
    NO MAXVALUE
    CACHE 1;


ALTER TABLE public.tokens_id_seq OWNER TO postgres;

--
-- Name: tokens_id_seq; Type: SEQUENCE OWNED BY; Schema: public; Owner: postgres
--

ALTER SEQUENCE public.tokens_id_seq OWNED BY public.tokens.id;


--
-- Name: tools; Type: TABLE; Schema: public; Owner: postgres
--

CREATE TABLE public.tools (
    id integer NOT NULL,
    name character varying(240) NOT NULL,
    marca character varying(240),
    created_at timestamp with time zone,
    updated_at timestamp with time zone
);


ALTER TABLE public.tools OWNER TO postgres;

--
-- Name: tools_id_seq; Type: SEQUENCE; Schema: public; Owner: postgres
--

CREATE SEQUENCE public.tools_id_seq
    AS integer
    START WITH 1
    INCREMENT BY 1
    NO MINVALUE
    NO MAXVALUE
    CACHE 1;


ALTER TABLE public.tools_id_seq OWNER TO postgres;

--
-- Name: tools_id_seq; Type: SEQUENCE OWNED BY; Schema: public; Owner: postgres
--

ALTER SEQUENCE public.tools_id_seq OWNED BY public.tools.id;


--
-- Name: users; Type: TABLE; Schema: public; Owner: postgres
--

CREATE TABLE public.users (
    id integer NOT NULL,
    username character varying(80) NOT NULL,
    email character varying(254) NOT NULL,
    password character varying(60) NOT NULL,
    created_at timestamp with time zone,
    updated_at timestamp with time zone
);


ALTER TABLE public.users OWNER TO postgres;

--
-- Name: users_id_seq; Type: SEQUENCE; Schema: public; Owner: postgres
--

CREATE SEQUENCE public.users_id_seq
    AS integer
    START WITH 1
    INCREMENT BY 1
    NO MINVALUE
    NO MAXVALUE
    CACHE 1;


ALTER TABLE public.users_id_seq OWNER TO postgres;

--
-- Name: users_id_seq; Type: SEQUENCE OWNED BY; Schema: public; Owner: postgres
--

ALTER SEQUENCE public.users_id_seq OWNED BY public.users.id;


--
-- Name: adonis_schema id; Type: DEFAULT; Schema: public; Owner: postgres
--

ALTER TABLE ONLY public.adonis_schema ALTER COLUMN id SET DEFAULT nextval('public.adonis_schema_id_seq'::regclass);


--
-- Name: adresses id; Type: DEFAULT; Schema: public; Owner: postgres
--

ALTER TABLE ONLY public.adresses ALTER COLUMN id SET DEFAULT nextval('public.adresses_id_seq'::regclass);


--
-- Name: clients id; Type: DEFAULT; Schema: public; Owner: postgres
--

ALTER TABLE ONLY public.clients ALTER COLUMN id SET DEFAULT nextval('public.clients_id_seq'::regclass);


--
-- Name: collaborators id; Type: DEFAULT; Schema: public; Owner: postgres
--

ALTER TABLE ONLY public.collaborators ALTER COLUMN id SET DEFAULT nextval('public.collaborators_id_seq'::regclass);


--
-- Name: ordens_services id; Type: DEFAULT; Schema: public; Owner: postgres
--

ALTER TABLE ONLY public.ordens_services ALTER COLUMN id SET DEFAULT nextval('public.ordens_services_id_seq'::regclass);


--
-- Name: products id; Type: DEFAULT; Schema: public; Owner: postgres
--

ALTER TABLE ONLY public.products ALTER COLUMN id SET DEFAULT nextval('public.products_id_seq'::regclass);


--
-- Name: services id; Type: DEFAULT; Schema: public; Owner: postgres
--

ALTER TABLE ONLY public.services ALTER COLUMN id SET DEFAULT nextval('public.services_id_seq'::regclass);


--
-- Name: tokens id; Type: DEFAULT; Schema: public; Owner: postgres
--

ALTER TABLE ONLY public.tokens ALTER COLUMN id SET DEFAULT nextval('public.tokens_id_seq'::regclass);


--
-- Name: tools id; Type: DEFAULT; Schema: public; Owner: postgres
--

ALTER TABLE ONLY public.tools ALTER COLUMN id SET DEFAULT nextval('public.tools_id_seq'::regclass);


--
-- Name: users id; Type: DEFAULT; Schema: public; Owner: postgres
--

ALTER TABLE ONLY public.users ALTER COLUMN id SET DEFAULT nextval('public.users_id_seq'::regclass);


--
-- Data for Name: adonis_schema; Type: TABLE DATA; Schema: public; Owner: postgres
--

COPY public.adonis_schema (id, name, batch, migration_time) FROM stdin;
10	1503250034279_user	1	2021-03-22 01:59:22.248327+00
11	1503250034280_token	1	2021-03-22 01:59:22.303593+00
12	1595186769754_tools_schema	1	2021-03-22 01:59:22.321946+00
13	1595195174012_products_schema	1	2021-03-22 01:59:22.348066+00
14	1595199041757_services_schema	1	2021-03-22 01:59:22.364586+00
15	1595643872888_clients_schema	1	2021-03-22 01:59:22.392151+00
16	1595650748725_adress_schema	1	2021-03-22 01:59:22.420503+00
17	1596909927171_collaborators_schema	1	2021-03-22 01:59:22.45681+00
18	1596913460629_ordens_services_schema	1	2021-03-22 01:59:22.483501+00
\.


--
-- Data for Name: adresses; Type: TABLE DATA; Schema: public; Owner: postgres
--

COPY public.adresses (id, client_id, cep, longradouro, complemento, numero, pont_ref, bairro, cidade, estado, lat, long, zone, created_at, updated_at) FROM stdin;
1	1	58824-000	SITIO SAO PEDRO 	 	sn	 	ZONA RURAL	SANTA CRUZ	PB				2021-03-22 01:59:37+00	2021-03-22 01:59:37+00
2	2	58915-000	RUA MARIA DE FATIMA VIEIRA	TERREO	119	DO LADO DA CASA DE MARCOS ROMAO	NOSSA SENHORA DE LOURDES	UIRAUNA	PB				2021-03-22 01:59:37+00	2021-03-22 01:59:37+00
3	3	59955-000	Rua Antônio Fortunato dos Santos	 	17	 	CENTRO	Tenente Ananias	RN				2021-03-22 01:59:37+00	2021-03-22 01:59:37+00
4	4	58915-000	Rua Antônio Claudino de Galiza	 	SN	RUA POR TRAZ DO LAVA JATO DE ASSIS 	TAMANDARE	Uiraúna	PB				2021-03-22 01:59:37+00	2021-03-22 01:59:37+00
5	5	58915-000	SITIO BERLIM - DIVISA MOTEL	 	SN	MOTEL DEPOIS DO CONTORNO DO LADO ESQUERO SENTIDO RIO GRANDE DO NORTE	ZONA RURAL	UIRAUNA	PB				2021-03-22 01:59:37+00	2021-03-22 01:59:37+00
6	6	59940-000	Rua Doutor Adolfo Paulino	 	SN	PROXIMO A IGREJA SENHORA SANTANA	CENTRO	Luís Gomes	RN				2021-03-22 01:59:37+00	2021-03-22 01:59:37+00
7	7	59940-000	SITIO BAIXIO 	 	SN	AGUA LARA	ZONA RURAL	LUIS GOMES	RN				2021-03-22 01:59:37+00	2021-03-22 01:59:37+00
8	8	58915-000	Rua Major José Fernandes	LOJA PARADA FASHION	S/N 	DE FRENTE A DIGISAT SEGURANÇA ELETRÔNICA 	CENTRO	Uiraúna	PB				2021-03-22 01:59:37+00	2021-03-22 01:59:37+00
9	9	58822-000	Rua Projetada	FARMACIA VIPROVET	SN	DE FRENTE A PRAÇA PUBLICA.	CENTRO	Vieirópolis	PB				2021-03-22 01:59:37+00	2021-03-22 01:59:37+00
10	10	58820-000	ALTO DA BELA VISTA 	PROXIMO AO POSTO DE DEDE	SN 	SAIDA PARA TENENTE ANANIAS		LASTRO	PB 				2021-03-22 01:59:37+00	2021-03-22 01:59:37+00
11	11	58915-000	RUA CÔNEGO BERNARDINO	PRÓXIMO AO ESCRITORIO DE ADVOGACIA DE DR.RAIUMUNDO CEZARIO	73	CASA DE ESQUINA 	CENTRO	UIRAUNA	PB 				2021-03-22 01:59:37+00	2021-03-22 01:59:37+00
12	12	59955-000	Rua Maria Gomes da Silveira	 	22	ACADEMIA RYAN FITNESS	BAIRRO DA RUA NOVA	Tenente Ananias	RN				2021-03-22 01:59:37+00	2021-03-22 01:59:37+00
13	13	58915-000	Rua Euclides Fernandes	 		ESCRITORIO MEGA SORTEIO	CENTRO	Uiraúna	PB				2021-03-22 01:59:37+00	2021-03-22 01:59:37+00
14	14	58915-000	SITIO VARELO 	IRMÃ DE EMANUEL BLOGUEIRO	SN 	PRIMEIRAS CASAS DO SITIO	ZONA RURAL	UIRAUNA	PB 				2021-03-22 01:59:37+00	2021-03-22 01:59:37+00
15	15	59940-000	RUA RAIMUNDO LIBANIO DA ROCHA	 	60	UMA CASA DEPOIS DA OFICINA DE MOTO - LUCIANO MOTO PECAS 	CENTRO	LUIS GOMES	RN				2021-03-22 01:59:37+00	2021-03-22 01:59:37+00
16	16	58908-000	Avenida Tirso Alves de Moura	 	SN	PRIMEIRA CASA VINDO DE UIRAUNA DO LADO DIREITO, CASA TODA MURADA. 	CENTRO	Poço de José de Moura	PB				2021-03-22 01:59:37+00	2021-03-22 01:59:37+00
17	17			 		CLOVIS MATERIAIS DE CONSTRUCOES		SANTA HELENA	PB				2021-03-22 01:59:37+00	2021-03-22 01:59:37+00
18	18	58915-000	Rua Monsenhor Constatino Vieira	 	253	VIZINHO A TONHEIRO	CRISTO REI	Uiraúna	PB				2021-03-22 01:59:37+00	2021-03-22 01:59:37+00
19	19	58915-000	Rua Monsenhor Constantino	 	151	CASA DE SEGUNDO SANTIAGO	CENTRO	Uiraúna	PB				2021-03-22 01:59:37+00	2021-03-22 01:59:37+00
20	20	59940-000	Rua Doutor Adolfo Paulino	 		CASA DE DOUTOR PIO	CENTRO	Luís Gomes	RN				2021-03-22 01:59:37+00	2021-03-22 01:59:37+00
21	21	58915-000	SITIO MATO GROSSO	 	sn	CASA DE SIZIM 	ZONA RURAL	UIRAUNA	PB				2021-03-22 01:59:37+00	2021-03-22 01:59:37+00
22	22	59945-000	RUA JOSE EVARISTO	 	127	MERCADINHO PRECO BAIXO POR TRAZ DO MERCADO PUBLICO	CENTRO	MAJOR SALES	RN				2021-03-22 01:59:37+00	2021-03-22 01:59:37+00
23	23	58915-000	Rua Capitão Israel	 		COMERCIO DE VALDEMIR AO LADO DE DEUSDETE	CENTRO	Uiraúna	PB				2021-03-22 01:59:37+00	2021-03-22 01:59:37+00
24	24	59945-000	FAZENDA NOVA	 	sn	FAZENDA NOVA BRILHE CAR	ZONA RURAL	MAJOR SALES	RN				2021-03-22 01:59:37+00	2021-03-22 01:59:37+00
25	25	59945-000	Rua Nilza Fernandes	 	640	PREFEITURA MUNICIPAL 	CENTRO	Major Sales	RN				2021-03-22 01:59:37+00	2021-03-22 01:59:37+00
26	26	59940-000	Avenida Senhora Santana	 		FARMACIA SANTA HELENA CENTRO DE LUIS GOMES 	CENTRO	Luís Gomes	RN				2021-03-22 01:59:37+00	2021-03-22 01:59:37+00
27	27			 		CASA DE LUCRECIA ENTRADA DA CIDADE		JOCA CLAUDINO	PB				2021-03-22 01:59:37+00	2021-03-22 01:59:37+00
28	28	58915-000	Rua Senhor Nogueira	 	397	VIZINHO A NAILTON DA TAPEÇARIA	NOSSA SENHORA DE LOURDES	Uiraúna	PB				2021-03-22 01:59:37+00	2021-03-22 01:59:37+00
29	29			 		PRÓXIMO AO FORMIGÃO		LUIS GOMES					2021-03-22 01:59:37+00	2021-03-22 01:59:37+00
30	30	58915-000	RUA JOAO PINTO	 	56	SUPERMERCADO NONATAO	CENTRO	UIRAUNA	PB				2021-03-22 01:59:37+00	2021-03-22 01:59:37+00
31	31	58915-000	Rua Cônego Bernadino	 		CASA DE RAIMUNDO CEZARIO	CENTRO	Uiraúna	PB				2021-03-22 01:59:37+00	2021-03-22 01:59:37+00
32	32	58915-000		 		SERRALHERIA IRAPUAN POR TRAZ DO CLUBE 		UIRAUNA	PB				2021-03-22 01:59:37+00	2021-03-22 01:59:37+00
33	33	58915-000	Rua Manoel Delmiro Fernandes	 		NA RUA DO ANTIGO PARQUE DE VAQUEJADA DE DOUTOR PAULO	RETIRO	Uiraúna	PB				2021-03-22 01:59:37+00	2021-03-22 01:59:37+00
34	34	59940-000	Avenida Julieta Fernandes	 	45	RUA QUE TEM UM CORREMAO DIVIDINDO O MEIO 	CENTRO	Luís Gomes	RN				2021-03-22 01:59:37+00	2021-03-22 01:59:37+00
35	35	58915-000	Rua João Nonato	 	385	EQUIPADORA VIA SOM	NOSSA SENHORA DE LOURDES	Uiraúna	PB				2021-03-22 01:59:37+00	2021-03-22 01:59:37+00
36	36	58915-000	RUA MIGUEL DE SOUZA	 		ULTIMA RUA DA BELA VISTA DO LADO DIREITO, SENTIDO JOCA CLAUDINO 	BELA VISTA	UIRAUNA	PB				2021-03-22 01:59:37+00	2021-03-22 01:59:37+00
37	37	58915-000	Rua Marizete Fernandes Vieira	 		EM FRENTE A JOAO BATISTA DA MARMITA	NOSSA SENHORA DE LOURDES	Uiraúna	PB				2021-03-22 01:59:37+00	2021-03-22 01:59:37+00
38	38	58915-000	Rua João Nonato	 	330	VIZINHO A CASA DE JULIO BRASIL 	NOSSA SENHORA DE LOURDES	Uiraúna	PB				2021-03-22 01:59:37+00	2021-03-22 01:59:37+00
39	39	58915-000	Rua José Joaquim Duarte	 		KI JOIA OPTICA	CENTRO	Uiraúna	PB				2021-03-22 01:59:37+00	2021-03-22 01:59:37+00
40	40	59940-000	Rua Doutor Adolfo Paulino	 		CASA DE DOUTOR PIO, PROXIMO A IGREJA SENHORA SANTANA	CENTRO	Luís Gomes	RN				2021-03-22 01:59:37+00	2021-03-22 01:59:37+00
41	41		SITIO MARIANA	 	SN	ANDRE DO CREDIARIO	ZONA RURAL	LASTRO	PB				2021-03-22 01:59:37+00	2021-03-22 01:59:37+00
42	42		SITIO SANTA GERTRUDES	 		ANTIGO RESTAURANTE PANELA DO SERTAO	ZONA RURAL	VIEIROPOLIS	PB				2021-03-22 01:59:37+00	2021-03-22 01:59:37+00
43	43	58915-000	Rua Major José Fernandes	 		EM FRENTE AO MERCADINHO BOM VIZINHO	NOSSA SENHORA DE LOURDES	Uiraúna	PB				2021-03-22 01:59:37+00	2021-03-22 01:59:37+00
44	44	59940-000	Rua Coronel Antonio Germano	 	106	PROXIMO A IGREJA SENHORA SANTANA	CENTRO	Luís Gomes	RN				2021-03-22 01:59:37+00	2021-03-22 01:59:37+00
45	45	58915-000	Rua Major José Fernandes	 		GRACA DE BOSCO	NOSSA SENHORA DE LOURDES	Uiraúna	PB				2021-03-22 01:59:38+00	2021-03-22 01:59:38+00
46	46	58915-000	RUA RAQUEL MOREIRA PINTO	 	SN	CASA DE GERALDO PINTO	ALGAZA	UIRAUNA	PB				2021-03-22 01:59:38+00	2021-03-22 01:59:38+00
47	47	58915-000	RUA JOSE DEOMIRIO FERNADES 	 	125	DE FRENTE A CRECHE 	ALTO DA BELA VISTA	UIRAUNA 	PB 				2021-03-22 01:59:38+00	2021-03-22 01:59:38+00
48	48	58915-000	RUA PROJETADA	 	sn	NA BR 405 FRENTE AO QUEBRA MOLA 	TAMANDARE	UIRAUNA	PB				2021-03-22 01:59:38+00	2021-03-22 01:59:38+00
49	49	58915-000	RUA FRANCISCO HERMINIO DE QUEIROGA	 	SN	LOTEAMENTO BELEZA	ALGAZA	UIRAUNA	PB				2021-03-22 01:59:38+00	2021-03-22 01:59:38+00
50	50	58915-000	RUA PROJETADA	 	SN	POR TRAZ DA CAIXA DAGUA 	BELA VISTA	UIRAUNA	PB				2021-03-22 01:59:38+00	2021-03-22 01:59:38+00
51	51		RUA DO COMERCIO	 	20	G MATERIAL DE CONTRUCOES	CENTRO	LASTRO	PB				2021-03-22 01:59:38+00	2021-03-22 01:59:38+00
52	52	58915-000	RUA JOSE BARBOSA	 		MADEREIRA ROCHA	CENTRO	UIRAUNA	PB				2021-03-22 01:59:38+00	2021-03-22 01:59:38+00
53	53	58915-000	RUA JOSE EDIVAL DE QUEIROGA 	 	172	VIZINHO A NEO LINE 	CENTRO 	UIRAUNA 	PB 				2021-03-22 01:59:38+00	2021-03-22 01:59:38+00
54	54	58933-000	SITIO MIUMS	 	SN	IRMÃ DE ELIVANILDO, ULTIMAS CASAS DO SITIO. DE FRENTE A UMA SISTERNA 	ZONA RURAL	POÇO DANTAS	PB 				2021-03-22 01:59:38+00	2021-03-22 01:59:38+00
55	55	58915-000	RUA DA PRACA OSVALDO BEZERRA CASCUDO	 	SN	EM FRENTE AOS BANHEIROS DA PRACA 	CENTRO	UIRAUNA	PB				2021-03-22 01:59:38+00	2021-03-22 01:59:38+00
56	56		RUA MANOEL ALEXANDRE 	 	417	EM FRENTE AO TITANIC	CENTRO	PAU DOS FERROS	RN				2021-03-22 01:59:38+00	2021-03-22 01:59:38+00
57	57	58915-000	RUA JOAO PESSOA	 		CASA DE BETANIO DA FARMACIA 	SAO JOSE	UIRAUNA 	PB 				2021-03-22 01:59:38+00	2021-03-22 01:59:38+00
58	58		RUA PROJETADA	 	SN	LOTEAMENTO DE NANINHA, PRIMEIRA RUA A ESQUEDA DEPOIS DA CAIXA DAGUA, DEPOIS DO CALCAMENTO. 	CENTRO	LUIS GOMES	RN				2021-03-22 01:59:38+00	2021-03-22 01:59:38+00
59	59	58915-000	RUA 02 DE DEZEMBRO	 		EM FRENTE A VINO E TICO DO LOJAO	TAMANDARE	UIRAUNA	PB				2021-03-22 01:59:38+00	2021-03-22 01:59:38+00
60	60	58915-000	RUA PROJETADA	 	sn	SAIDA PRA SAO JOAO DEPOIS DO POSTO PAI VEINHO	LOT SAO JORGE 	UIRAUNA	PB				2021-03-22 01:59:38+00	2021-03-22 01:59:38+00
61	61		RUA PROJETADA	 	SN	AURELIO GADELHA	CENTRO	SOUSA	PB				2021-03-22 01:59:38+00	2021-03-22 01:59:38+00
62	62	59945-000	Rua Nilza Fernandes	 	SN	NA BR, CASA AZUL ANTES DA PREFEITURA DO LADO ESQUERDO. MURO GRANDE. 	CENTRO	Major Sales	RN				2021-03-22 01:59:38+00	2021-03-22 01:59:38+00
63	63	58915-000	RUA FRANCISCO XAVIER DE OLIVEIRA	 	SN	CENTRO MEDICO DR DIEGO	GARRAFAO	UIRAUNA	PB				2021-03-22 01:59:38+00	2021-03-22 01:59:38+00
64	64	58915-000	SITIO SANTA UMBELINA	 		FAZENDA DR GERALDO	ZONA RURAL	UIRAUNA	PB				2021-03-22 01:59:38+00	2021-03-22 01:59:38+00
65	65	58915-000	JOSE AUGUSTO DE QUEIROGA 	 	75	EM CIMA DA BELA DORA	CENTRO 	UIRAUNA 					2021-03-22 01:59:38+00	2021-03-22 01:59:38+00
66	66	589	RUA DA CAPELINHAS DE LOURDES	DE FRENTE A CASA DE MICODINA 	87	 	NOSSSA SENHORA DE LOURDES	UIRAUNA	PB				2021-03-22 01:59:38+00	2021-03-22 01:59:38+00
67	67	58915-000	PLACAS	 		POUSADA RODRIGAO	ZONA RURAL	UIRAUNA	RN				2021-03-22 01:59:38+00	2021-03-22 01:59:38+00
68	68	58915-000	RUA PROJETADA	 	SN	EM FRENTE AO PORTAO 	ALGAZA	UIRAUNA	PB				2021-03-22 01:59:38+00	2021-03-22 01:59:38+00
69	69	58915-000	Rua Antônio Claudino de Galiza	 	SN	VIZINHO DERY DE LILA	TAMANDARE	Uiraúna	PB				2021-03-22 01:59:38+00	2021-03-22 01:59:38+00
70	70	58915-000	Rua João Nonato	 	111	EM FRENTE A HUMBERTO VEREADOR 	NOSSA SENHORA DE LOURDES	Uiraúna	PB				2021-03-22 01:59:38+00	2021-03-22 01:59:38+00
71	71		RUA PROJETADA	 	SN	CASA DE ITAMAR MOREIRA PREFEITO	CENTRO	POCO DANTAS	PB				2021-03-22 01:59:38+00	2021-03-22 01:59:38+00
72	72	58915-000	RUA MANOEL MARIANO	 	SN	CASA DE CLAUDIO DO CARTORIO	NOSSA SENHORA DE LOURDES	UIRAUNA	PB				2021-03-22 01:59:38+00	2021-03-22 01:59:38+00
73	73	58915-000	RUA PROJETADA	 	SN	APARTAMENTO DE CHICO NECO JOSA, PROXIMO A ZE FILHO DE CLECIA. 	NOSSA SENHORA DE LOURDES	UIRAUNA	PB				2021-03-22 01:59:38+00	2021-03-22 01:59:38+00
74	74	58915-000	Rua João Nonato	 		CASA DE JULIO BRASIL	NOSSA SENHORA DE LOURDES	Uiraúna	PB				2021-03-22 01:59:38+00	2021-03-22 01:59:38+00
75	75	59940-000	RUA CORONEL ANTONIO FERNANDES SOBRINHO	 	300	PREFEITURA MUNICIPAL	CENTRO	LUIS GOMES	RN				2021-03-22 01:59:38+00	2021-03-22 01:59:38+00
76	76	58915-000	Rua Capitão Israel	 		LOJA DESCONTAO FRENTE A PRACA PADRE FRANCA 	CENTRO	Uiraúna	PB				2021-03-22 01:59:38+00	2021-03-22 01:59:38+00
77	77	58915-000	RUA PROJETADA	 	SN 	PROXIMO A CASA DE GERALDO COCERINHA. CUNHADO DE ANA 	NOSSA SENHORA DE LOURDES	UIRAUNA 	PB 				2021-03-22 01:59:38+00	2021-03-22 01:59:38+00
78	78	58915-000	RUA PROJETADA	 	SN 	DE FRENTE A CASA DA VIUVA DE BRANCOS DOS CORREIOS.		UIRAUNA 	PB 				2021-03-22 01:59:38+00	2021-03-22 01:59:38+00
79	79	58915-000	RUA JOSE BARBOSA	 	319	PRÓXIMO AO POSTO SÃO JOSÉ 	CENTRO	UIRAUNA 	PB				2021-03-22 01:59:38+00	2021-03-22 01:59:38+00
80	80	58933-000	Rua Odilon Francisco de Oliveira	 	34	PROXIMO A PREFEITURA	CENTRO	Poço Dantas	PB				2021-03-22 01:59:38+00	2021-03-22 01:59:38+00
81	81	58915-000	Rua Major José Fernandes	 		CASA DE DR BENICINHO	NOSSA SENHORA DE LOURDES	Uiraúna	PB				2021-03-22 01:59:38+00	2021-03-22 01:59:38+00
82	82	58915-000	RUA DOIS DE DEZEMBRO	 		EM FRENTE A LUCAS SOARES	TAMANDARE	UIRAUNA	PB				2021-03-22 01:59:38+00	2021-03-22 01:59:38+00
83	83	58915-000	RUA POETA FRANCISCO EVARISTO	 		DISTRIBUIDORA - SAIDA PRA SOUSA 	GARRAFAO 	UIRAUNA	PB				2021-03-22 01:59:38+00	2021-03-22 01:59:38+00
84	84	58915-000	Rua Poeta Francisco Evaristo	 		DEPOSITO DE AGUA - FRENTE AO POSTO SAO JOSE 	GARRAFAO	Uiraúna	PB				2021-03-22 01:59:38+00	2021-03-22 01:59:38+00
85	85	58915-000	Rua Senhor Nogueira	 		CORRINHA DE LO 	NOSSA SENHORA DE LOURDES	Uiraúna	PB				2021-03-22 01:59:38+00	2021-03-22 01:59:38+00
86	86	59940-000	Rua Julio Germano	 	05	 	COHABE	Luís Gomes	RN				2021-03-22 01:59:38+00	2021-03-22 01:59:38+00
87	87	58915-000	Rua Silvestre Claudino	 		CASA DE DR BOSCO	NOSSA SENHORA DE LOURDES	Uiraúna	PB				2021-03-22 01:59:38+00	2021-03-22 01:59:38+00
88	88		DISTRITO DE BANDARRA	 		 	ZONA RURAL	SAO JOAO DO RIO DO PEIXE 	PB				2021-03-22 01:59:38+00	2021-03-22 01:59:38+00
89	89	58915-000	Rua Francisco Fernandes Nogueira	 	74	POR TRAZ DO GINASIO AZULAO	ALGAZA	Uiraúna	PB				2021-03-22 01:59:38+00	2021-03-22 01:59:38+00
90	90	58915-000	RUA TENENTE JOSA	 		AO LADO DA NEO LINE 	CENTRO	UIRAUNA	PB				2021-03-22 01:59:38+00	2021-03-22 01:59:38+00
91	91	58915-000	Rua Capitão Israel	 	242	FRANK MERCANTIL 	CENTRO	Uiraúna	PB				2021-03-22 01:59:38+00	2021-03-22 01:59:38+00
92	92	58915-000	Rua João Nonato	 		AO LADO DA VIA SOM EQUIPADORA	NOSSA SENHORA DE LOURDES	Uiraúna	PB				2021-03-22 01:59:38+00	2021-03-22 01:59:38+00
93	93	58915-000	Rua João Nonato	 	118	CASA DE HUMBERTO VEREADOR 	NOSSA SENHORA DE LOURDES	Uiraúna	PB				2021-03-22 01:59:38+00	2021-03-22 01:59:38+00
94	94	58915-000	RUA SAO FRANCISCO	 		VIZINHO A CARNEIRINHO	TAMANDARE	UIRAUNA	PB				2021-03-22 01:59:38+00	2021-03-22 01:59:38+00
95	95	58915-000	Rua Euclides Fernandes	 	SN 	PRÓXIMO AO RESTAURANTE VARANDA. 		Uiraúna	PB				2021-03-22 01:59:38+00	2021-03-22 01:59:38+00
96	96	58915-000	RUA SENHOR NOGUEIRA	 	430	CASA DE ASSIS DA NEO LINE	NOSSA SENHORA DE LOURDES	UIRAUNA	PB				2021-03-22 01:59:38+00	2021-03-22 01:59:38+00
97	97	58915-000	RUA FRANCISCO XAVIER DE OLIVEIRA	 		CASA DE ROMANO DEPOIS DA DE VALDEMAR CONTADOR	GARRAFAO	UIRAUNA	PB				2021-03-22 01:59:38+00	2021-03-22 01:59:38+00
98	98	58915-000	Rua Francisco Euclides Fernandes	 		BOM PASSO CALCADOS	CENTRO	Uiraúna	PB				2021-03-22 01:59:38+00	2021-03-22 01:59:38+00
99	99		FAZENDA NOVA	 	SN	SAIDA PARA POCO DANTAS EM FRENTE AO BAR E BORRACHARIA DO ZE	ZONA RURAL	JOCA CLAUDINO	PB				2021-03-22 01:59:38+00	2021-03-22 01:59:38+00
100	100	58915-000	Rua Major José Fernandes	 		LOJA M&C FASHION	CENTRO	Uiraúna	PB				2021-03-22 01:59:38+00	2021-03-22 01:59:38+00
101	101	58915-000	Rua José Joaquim Duarte	 		CASA CHICO QUEIROGA	CENTRO	Uiraúna	PB				2021-03-22 01:59:38+00	2021-03-22 01:59:38+00
102	102	58915-000	Rua Senhor Nogueira	 	16	VIZINHO AO POSTO DE ZARU	SANTO ESPEDITO 	Uiraúna	PB				2021-03-22 01:59:38+00	2021-03-22 01:59:38+00
103	103	58915-000	Rua Capitão Israel	 	296	DE FRENTE A PRAÇA PADRE FRANÇA.	CENTRO	Uiraúna	PB				2021-03-22 01:59:38+00	2021-03-22 01:59:38+00
104	104	58915-000	RUA JOSE BARBOSA	 		AO LADO DO HOSPITAL MENINO JESUS	GARRAFAO	UIRAUNA	PB				2021-03-22 01:59:38+00	2021-03-22 01:59:38+00
105	105	58915-000	RUA ANTONIO MARIZ 	RUA DA CAGEPA 	SN 	RUA DE NAILTON DA TAPEÇARIA .	BELA VISTA 	UIRAUNA 	PB 				2021-03-22 01:59:38+00	2021-03-22 01:59:38+00
106	106	58915-000	SITIO TIGRE	 	SN	PROXIMO AO BAR DE CHICAO 	ZONA RURAL	UIRAUNA	PB				2021-03-22 01:59:38+00	2021-03-22 01:59:38+00
107	107	58915-000	RUA MANOEL MARIANO	 	67	RUA DA CADEIA 	NOSSA SENHORA DE LOURDES	UIRAUNA	PB				2021-03-22 01:59:38+00	2021-03-22 01:59:38+00
108	108	58915-000	Rua Silvestre Claudino	 	204	DE FRENTE A DR PAULO 	NOSSA SENHORA DELOURDES	Uiraúna	PB				2021-03-22 01:59:38+00	2021-03-22 01:59:38+00
109	109	58915-000	Rua Euclides Fernandes	 		FRENTE A ESCOLA JOVELINA GOMES	SAO JOSE	Uiraúna	PB				2021-03-22 01:59:38+00	2021-03-22 01:59:38+00
110	110	58915-000	RUA MAJOR JOSE FERNANDES	 		CASA DE ZE FERNANDES VEREADOR	NOSSA SENHORA DE LOURDES	UIRAUNA	PB				2021-03-22 01:59:38+00	2021-03-22 01:59:38+00
111	111	58915-000	Rua Silvestre Claudino	 		CASA DE CONSOLA DE AZULAO	NOSSA SENHORA DE LOURDES	Uiraúna	PB				2021-03-22 01:59:38+00	2021-03-22 01:59:38+00
112	112	58915-000	RUA SAO FRANCISCO	 	108	VIZINHO A AMILTON UMA CASA AMARELA	TAMANDARE	UIRAUNA	PB				2021-03-22 01:59:38+00	2021-03-22 01:59:38+00
113	113	58915-000	RUA JOSE CLAUDINO DE GALIZA	 	31	VIZINHO A CASA DE SALES - SAIDA PRA QUIXABA. DEPOIS DA CASA DE ZE CAETANO CONTADOR. 	GARRAFAO	UIRAUNA	PB				2021-03-22 01:59:38+00	2021-03-22 01:59:38+00
114	114	58915-000	SITIO TIGRE	 	SN	VIZINHO A CHICAO DO BAR - PERGUNTAR POR TORO	ZONA RURAL	UIRAUNA	PB				2021-03-22 01:59:38+00	2021-03-22 01:59:38+00
115	115	58922-000	GABRIELA TEREZINHA MARTINS 	 	SN 	POR TRAIS DO PORTAL. 	CIRILO COSTA 	BERNADINO BATISTA 	PB 				2021-03-22 01:59:38+00	2021-03-22 01:59:38+00
116	116	58915-000	RUA DO CEMITERIO	 	sn	DO LADO DO CEMITERIO	NOSSA SENHORA DE LOURDES	UIRAUNA	PB				2021-03-22 01:59:38+00	2021-03-22 01:59:38+00
117	117	58915-000	ANTONIO VICENTE 	 	SN 	LOTEAMENTO DE VALDI	BELA VISTA 	UIRAUNA 	PB 				2021-03-22 01:59:38+00	2021-03-22 01:59:38+00
118	118		SITIO POMPEIA	 	SN	MERCADINHO DE GERSINHO 3KM DO CONTORNO DO LASTRO	ZONA RURAL	VIEIROPOLIS	PB				2021-03-22 01:59:38+00	2021-03-22 01:59:38+00
119	119		RUA EDNETE ABRANTES DE ABREU	 	68	LOJA DE ROUPA, PROXIMO A PREFEITURA NUMA ESQUINA. 	CENTRO	BERNARDINO BATISTA	PB				2021-03-22 01:59:38+00	2021-03-22 01:59:38+00
120	120	58915-000	LOJA ARMARINHO MORAIS	 		LOJA ARMARINHO MORAIS	CENTRO	UIRAUNA	PB				2021-03-22 01:59:38+00	2021-03-22 01:59:38+00
121	121	58915-000	RUA FRANCISCO XAVIER DE OLIVEIRA	 		 	GARRAFAO	UIRAUNA	PB				2021-03-22 01:59:38+00	2021-03-22 01:59:38+00
122	122		RUA DO HOSPITAL	 		PROXIMO AO HOSPITAL 	CENTRO	LASTRO	PB				2021-03-22 01:59:38+00	2021-03-22 01:59:38+00
123	123		MINERO	 		MINERO - SAIDA PRA ALEXANDRIA	ZONA RURAL	TENENTE ANANIAS 	RN				2021-03-22 01:59:38+00	2021-03-22 01:59:38+00
124	124	58915-000	RUA MAJOR JOSE FERNANDES	 		REGIO TEM DE TUDO! 	CENTRO	UIRAUNA	PB				2021-03-22 01:59:38+00	2021-03-22 01:59:38+00
125	125	58915-000	FLORIANO PEIXOTO	 	325	DE FRENTE AO GÁS BRASIL GÁS,	RETIRO 2	UIRAUNA	PB				2021-03-22 01:59:38+00	2021-03-22 01:59:38+00
127	127	58928-000	Rua José Ezequiel Onorato	 	190	MERCADO DE MANINHO	CENTRO	Joca Claudino	PB				2021-03-22 01:59:38+00	2021-03-22 01:59:38+00
128	128	59940-000	Avenida Senhora Santana	 	SN 	AVENIDA SENHORA SANTANA 	CENTRO 	Luís Gomes	RN				2021-03-22 01:59:38+00	2021-03-22 01:59:38+00
129	129	59940-000	RUA DOS FUNCIONARIOS 	 	103	 	CENTRO 	LUIS GOMES 	RN 				2021-03-22 01:59:38+00	2021-03-22 01:59:38+00
130	130	58915-000	SITIO ARROJADO	 	SN 	PROXIMO AO PARQUE DE VAQUEJADA 	ZONA RURAL	UIRAUNA	PB 				2021-03-22 01:59:38+00	2021-03-22 01:59:38+00
131	131	58915-000	RUA FRANCISCO NOGUEIRA FERNANDES	 	SN	PROXIMO AO POSTO CAPIVARA	ALGAZA 	UIRAUNA	PB				2021-03-22 01:59:38+00	2021-03-22 01:59:38+00
132	132	59940-000	Rua Zeo Fernandes	 		HAROLDO OFICIAL DE JUSTICA	CENTRO	Luís Gomes	RN				2021-03-22 01:59:38+00	2021-03-22 01:59:38+00
133	133	58915-000	RUA FLORIANO PEIXOTO	 		MERCADO AO LADO DA RODOVIARIA	SAO JOSE	UIRAUNA	PB				2021-03-22 01:59:38+00	2021-03-22 01:59:38+00
134	134	58915-000	Rua Francisco Leão Veloso	 	28	AO LADO DA IGREJA 	CENTRO	Uiraúna	PB				2021-03-22 01:59:38+00	2021-03-22 01:59:38+00
135	135	58915-000	RUA JOÃO NONATO 	 	SN 	VIZINHO A CASA DE ANTONIO FILHO DA AKY CEL 	NOSSA SENHORA DE LOURDES 	UIRAUNA 	PB 				2021-03-22 01:59:38+00	2021-03-22 01:59:38+00
136	136	58915-000	SITIO SIRIEMA	 	sn	SEGUNDO MAIS ENGENHARIA	ZONA RURAL	UIRAUNA	PB				2021-03-22 01:59:38+00	2021-03-22 01:59:38+00
137	137	58915-000	Rua Major José Fernandes	 		CASA DE DR MARCOS AURELIO - DEPOIS DA LAVANDERIA. 	NOSSA SENHORA DE LOURDES	Uiraúna	PB				2021-03-22 01:59:38+00	2021-03-22 01:59:38+00
138	138	58915-000	Rua Cônego Bernadino	 		CASA DE DEMOSTENES CEZARIO - NA RUA DO COLEGIO AFONSO PEREIRA	CENTRO	Uiraúna	PB				2021-03-22 01:59:38+00	2021-03-22 01:59:38+00
139	139	58915-000	RUA PROJETADA	 	SN	VIZINHO A JOSE AUGUSTO BCM	NOSSA SENHORA DE LOURDES	UIRAUNA	PB				2021-03-22 01:59:38+00	2021-03-22 01:59:38+00
140	140	58915-000	RUA PROJETADA	 	SN	 	GARRAFAO	UIRAUNA	PB				2021-03-22 01:59:38+00	2021-03-22 01:59:38+00
141	141	58915-000	RUA JOAO MIGUEL DE SOUSA	 	SN	ULTIMA RUA DO LADO DIREITO SAINDO PARA JOCA CLAUDINO	BELA VISTA	UIRAUNA	PB				2021-03-22 01:59:38+00	2021-03-22 01:59:38+00
142	142	59945-000	Rua Nilza Fernandes	 	SN	ARAUJO ELETROMOVEIS - NA BR 	CENTRO	Major Sales	RN				2021-03-22 01:59:38+00	2021-03-22 01:59:38+00
143	143	58915-000	Rua Major José Fernandes	 	SN	PROXIMO A LAVANDERIA	NOSSA SENHORA DE LOURDES	Uiraúna	PB				2021-03-22 01:59:38+00	2021-03-22 01:59:38+00
144	144		SITIO CACHOEIRA	 	SN	VALDIR 	ZONA RURAL	VIEIROPOLIS	PB				2021-03-22 01:59:38+00	2021-03-22 01:59:38+00
145	145	58915-000	Rua Major José Fernandes	 	SN	VIZINHO AO MERCADINHO BOM VIZINHO	NOSSA SENHORA DE LOURDES	Uiraúna	PB				2021-03-22 01:59:38+00	2021-03-22 01:59:38+00
146	146		RUA DO MIRANTE 	 	SN	PROXIMO AO MIRANTE 	CENTRO	LUIS GOMES	RN				2021-03-22 01:59:38+00	2021-03-22 01:59:38+00
147	147	58915-000	Rua Adelino Correia de Queiroga	 	sn	RUA DE ZE DE ZE CAETANO	GARRAFAO	Uiraúna	PB				2021-03-22 01:59:38+00	2021-03-22 01:59:38+00
148	148		RUA PROJETADA	 	SN	CASA DE TUTUTA PREFEITO DE LUIS GOMES	CENTRO	LUIS GOMES	RN				2021-03-22 01:59:38+00	2021-03-22 01:59:38+00
149	149	59955-000	Rua Jose Moreira do Nascimento	 		MERCADO 	CENTRO	Tenente Ananias	RN				2021-03-22 01:59:38+00	2021-03-22 01:59:38+00
150	150	58915-000	RUA JOSE BARBOSA	 		LOJA TROPICAL MAGAZINE - DEPOIS DO BRADESCO	CENTRO	UIRAUNA	PB				2021-03-22 01:59:38+00	2021-03-22 01:59:38+00
151	151	58915-000	RUA PROJETADA	 	SN	CASA DE ZÉ FILHO MEU PRIMO	NOSSA SENHORA DE LOURDES 	UIRAUNA 	PB				2021-03-22 01:59:38+00	2021-03-22 01:59:38+00
152	152	58925-000	Rua Elaine Soares Brasileiro	 	133	FICA DEPOIS DA DELEGACIA QUASE CHEGANDO NA PRACA DE EVENTOS	CENTRO	Santa Helena	PB				2021-03-22 01:59:38+00	2021-03-22 01:59:38+00
153	153	59900-000	MANOEL ALEXANDRE	 	417	 		PAU DOS FERROS	RN 				2021-03-22 01:59:38+00	2021-03-22 01:59:38+00
154	154		SITIO VARZEA DE CACIMBA II	 	SN	DEPOIS DO POSTO CARRAPICHO LADO ESQUERDO 	ZONA RURAL	JOCA CLAUDINO	PB				2021-03-22 01:59:38+00	2021-03-22 01:59:38+00
155	155	59950-000	RUA BEJAMIN CONSTANTE	 	105	CASA DE BRANCA DE TATI	CENTRO	PARANA	RN				2021-03-22 01:59:38+00	2021-03-22 01:59:38+00
156	156	58915-000	RUA MARIA DE FATIMA VIEIRA	 	69	EM FRENTE A HELIO GALIZA	NOSSA DE LOURDES 	UIRAUNA	PB				2021-03-22 01:59:38+00	2021-03-22 01:59:38+00
157	157		RUA ANITA FONTES	 	70	CASA DE ALGUIBERTO MORAIS DA FARMACIA	CENTRO	LUIS GOMES	RN				2021-03-22 01:59:39+00	2021-03-22 01:59:39+00
158	158	58915-000	Rua José Viêira Bujari	XXXXX	247	G3 ACADÊMIA.	XXXXXX	Uiraúna	PB				2021-03-22 01:59:39+00	2021-03-22 01:59:39+00
159	159	58915-000	CONJUNTO MARIZ 	 	02	AO LADO DA OFICINA DE NICASIO.	AABB	UIRAUNA 	PB				2021-03-22 01:59:39+00	2021-03-22 01:59:39+00
160	160	58915-000	Rua João Nonato	 	SN	SERRARIA 	NOSSA SENHORA DE LOURDES	Uiraúna	PB				2021-03-22 01:59:39+00	2021-03-22 01:59:39+00
161	161	58915-000	RUA JOSE GALDINO NETO	 	125	DO LADO DO PORTAL DE ENTRADA - SAIDA PARA CAJAZEIRAS	ALGAZA	UIRAUNA	PB				2021-03-22 01:59:39+00	2021-03-22 01:59:39+00
162	162	58915-000	RUA SÃO FRANCISCO 	 	SN	FINAL DA RUA, PRÓXIMO A PISTA.\n	TAMADARÉ 	UIRUANA 	PB				2021-03-22 01:59:39+00	2021-03-22 01:59:39+00
163	163	58915-000	Rua Silvestre Claudino	 		CASA DE JAILMA QUIXABA	NOSSA SENHORA DE LOURDES	Uiraúna	PB				2021-03-22 01:59:39+00	2021-03-22 01:59:39+00
164	164	58915-000	SITIO SIRIEMA	 	SN	DEPOIS DA ARENA BALEIA PRIMEIRA A DIREITA 	ZONA RURAL	UIRAUNA	PB				2021-03-22 01:59:39+00	2021-03-22 01:59:39+00
165	165	58915-000	RUA JOAO BATISTA DA SILVA	 	SN	CASA DE LIU DE VITOR	BELEM NOVO	UIRAUNA	PB				2021-03-22 01:59:39+00	2021-03-22 01:59:39+00
166	166		SITIO JAPAO	 	sn	EM FRENTE A SUCATA DEPOIS DO POSTO DE TADEU INDO PARA MAJOR SALES	ZONA RURAL	LUIS GOMES	RN				2021-03-22 01:59:39+00	2021-03-22 01:59:39+00
167	167		RUA PROJETADA	 	SN	POR TRAZ DA IGREJA	CENTRO	LUIS GOMES	RN				2021-03-22 01:59:39+00	2021-03-22 01:59:39+00
168	168	58915-000	RUA PROJETADA	 		ZE CAETANO CONTADOR 	GARRAFAO	UIRAUNA	PB				2021-03-22 01:59:39+00	2021-03-22 01:59:39+00
169	169	58915-000	Rua Silvestre Claudino	 	240	EM FRENTE A CASA DE DOUTOR BOSCO	NOSSA SENHORA DE LOURDES	Uiraúna	PB				2021-03-22 01:59:39+00	2021-03-22 01:59:39+00
170	170	58915-000	JOÃO NONATO	 	37	NO BECO SEM SAIDA	XXXX	UIRAUNA	PB				2021-03-22 01:59:39+00	2021-03-22 01:59:39+00
171	171		RUA PROJETADA	 	SN	 	CENTRO	VIEIROPOLIS	PB				2021-03-22 01:59:39+00	2021-03-22 01:59:39+00
172	172	58915-000	Rua Francisco Corrêa Queiroga	 		DEPOIS DE CLEDNO SANTIAGO	BELA VISTA	Uiraúna	PB				2021-03-22 01:59:39+00	2021-03-22 01:59:39+00
173	173	58915-000	Rua Silvestre Claudino	 	SN	EM FRENTE A CASA DE IVAN VIA SOM - PROXIMO A PRACA JOCA CLAUDINO	NOSSA SENHORA DE LOURDES	Uiraúna	PB				2021-03-22 01:59:39+00	2021-03-22 01:59:39+00
174	174	58915-000	Rua Olímpio Mariano	 	111	 	NOSSA SENHORA DE LOURDES 	Uiraúna	PB				2021-03-22 01:59:39+00	2021-03-22 01:59:39+00
175	175	58915-000	SITIO VAZANTE	 	sn	POR TRAS DA CAPELA 	ZONA RURAL	UIRAUNA	PB				2021-03-22 01:59:39+00	2021-03-22 01:59:39+00
176	176	59945-000	Rua Francisco Andre de Morais	 	195	NA RUA DA ESCOLA MUNICIPAL SAO JOAO BATISTA	CENTRO	Major Sales	RN				2021-03-22 01:59:39+00	2021-03-22 01:59:39+00
177	177	59940-000	Rua Ester Fernandes de Figueiredo	 	10	CASA VERMELHA PORTAO BRANCO	CENTRO	Luís Gomes	RN				2021-03-22 01:59:39+00	2021-03-22 01:59:39+00
178	178		RUA CINQUENTA E DOIS	 	242	ENTRA DO LADO DO CEMITERIO		CAJAZEIRAS	PB				2021-03-22 01:59:39+00	2021-03-22 01:59:39+00
179	179		BR 405	 		SAIDA PARA MARIZIPOLIS 	CENTRO	SAO JOAO DO RIO DO PEIXE					2021-03-22 01:59:39+00	2021-03-22 01:59:39+00
180	180			 		OFICINA DE NENEM POR TRAZ DO POSTO NOVO 	CENTRO	TENENTE ANANIAS					2021-03-22 01:59:39+00	2021-03-22 01:59:39+00
181	181	58933-000	Rua Elisvaldo Carvalho de Almeida	 	29	MERCADO FREI DAMIAO 	CENTRO	Poço Dantas	PB				2021-03-22 01:59:39+00	2021-03-22 01:59:39+00
182	182	58915-000	Rua José Viêira Bujari	 		DO LADO DA FARMACIA DE MARCOS AURELIO DE QUEIROGA	CENTRO	Uiraúna	PB				2021-03-22 01:59:39+00	2021-03-22 01:59:39+00
183	183		BR 405	 		LEITE 	SAO JORGE	UIRAUNA					2021-03-22 01:59:39+00	2021-03-22 01:59:39+00
184	184	58933-000	RUA ODILON FRANCISCO DE OLIVEIRA 	 		 	CENTRO	POCO DANTAS	PB				2021-03-23 12:38:47+00	2021-03-23 12:38:47+00
185	185	58915-000	RUA JOAO NONATO	 		AO LADO DA CASA DE THIAGO DE AZULAO	NOSSA SENHORA DE LOURDES	UIRAUNA	PB				2021-03-23 12:54:24+00	2021-03-23 12:54:24+00
186	186	58915-000	RUA DA CADEIA	 		QUASE DE FRENTE A CADEIA PUBLICA 	CENTRO	UIRAUNA	PB				2021-03-23 13:12:30+00	2021-03-23 13:12:30+00
187	187	58915-000	RUA TENENTE JOSA	 	152	VIZINHO A NEO LINE	CENTRO	UIRAUNA	PB				2021-03-23 13:21:18+00	2021-03-23 13:21:18+00
188	194	58915-000	RUA MAJOR JOSE FERNANDES	 	SN	FINAL DA RUA EM FRENTE A CASA DE NAIRTON DA JUVANA MOVEIS	NOSSA SENHORA DE LOURDES	UIRAUNA	PB				2021-03-25 18:53:40+00	2021-03-25 18:53:40+00
189	195	58915-000	RUA JOSE BARBOSA	 	SN	POUSADA SAO JOSE	GARRAFAO	UIRUANA	PB				2021-03-25 18:55:44+00	2021-03-25 18:55:44+00
190	196	58915-000	RUA PROJETADA	 	SN	POR TRAS DA OFICINA DE DINDIM 	ALGAZA	UIRAUNA	PB				2021-03-25 20:09:13+00	2021-03-25 20:09:13+00
191	197	58915-000	RUA JOSE JOAQUIM DUARTE	 	267	PROXIMO DO DETRAN 	CENTRO	UIRAUNA	PB				2021-03-26 17:10:10+00	2021-03-26 17:10:10+00
192	198		SITIO URSAS	 	SN	PROXIMO AO ALGAROBAR	ZONA RURAL	JOCA CLAUDINO	PB				2021-03-26 18:57:39+00	2021-03-26 18:57:39+00
193	199	58915-000	RUA JOSE ANACLETO	 	250	CASA DE JR DO LOJAO	CRISTO REI	UIRAUNA	PB				2021-04-06 11:50:42+00	2021-04-06 11:50:42+00
194	200	58915-000	RUA SILVESTRE CLAUDINO	 	319	CASA DE MAMA VOZ VIOLAO	NOSSA SENHORA DE LOURDES	UIRAUNA	PB				2021-04-06 12:00:19+00	2021-04-06 12:00:19+00
195	201	58915-000	RUA MAJOR JOSE FERNANDES	 	535	EM FRENTE A CASA DE DR. MARCOS AURELIO 	NOSSA SENHORA DE LOURDES	UIRAUNA	PB				2021-04-06 12:19:57+00	2021-04-06 12:19:57+00
196	202	58915-000	SITIO PLACAS	 	SN	LOJA DE CARRO VAL LINHARES	ZONA RURAL	UIRAUNA	PB				2021-04-06 17:37:01+00	2021-04-06 17:37:01+00
197	203	58915-000	RUA PROJETADA	 	SN	POR TRAZ DA UNAMILHO	CONJUNTO MARIZ	UIRAUNA	PB				2021-04-06 17:45:19+00	2021-04-06 17:45:19+00
198	204	58915-000	RUA MAJOR JOSE FERNANDES	 	553	EM FRENTE A CASA DE DR. MARCOS AURELIO 	NOSSA SENHORA DE LOURDES	UIRAUNA	PB				2021-04-07 14:10:53+00	2021-04-07 14:10:53+00
199	205	58915-000	RUA SENHOR NOGUEIRA	 	sn	EM FRENTE A NAILTON DA TAPECARIA	NOSSA SENHORA DE LOURDES	UIRAUNA	PB				2021-04-07 14:23:08+00	2021-04-07 14:23:08+00
200	206	58915-000	RUA JOSE ANACLETO	 	30	EM FRENTE AO APARTAMENTOS DE ZILMAR	CRISTO REI	UIRAUNA	PB				2021-04-07 16:02:37+00	2021-04-07 16:02:37+00
201	207	58915-000	RUA MARIZETE FERNANDES VIEIRA 	 	101	ENTRA NA ESQUINA DA CASA DE ZE FERNANDES VEREADOR	NOSSA SENHORA DE LOURDES	UIRAUNA	PB				2021-04-08 12:37:46+00	2021-04-08 12:37:46+00
202	208	58915-000	RUA FRANCISCO XAVIER DE OLIVEIRA	 		POR TRAZ DO HOSPITAL MENINO JESUS	GARRAFAO	UIRAUNA	PB				2021-04-08 16:33:44+00	2021-04-08 16:33:44+00
203	209	58915-000	RUA JOSE JOAQUIM DUARTE	 	SN	XEROX E PAGFACIL LUCIMARIO - FRENTE AO DETRAN	CENTRO	UIRAUNA	PB				2021-04-08 16:37:02+00	2021-04-08 16:37:02+00
204	210	58915-000	SITIO RIACHO DO EXU	 	SN	PERTO DO BAR DO ITAMAR	ZONA RURAL	UIRAUNA	PB				2021-04-08 17:30:11+00	2021-04-08 17:30:11+00
205	211	58915-000	RUA FRANCISCO LEAO VELOSO	 	SN	POSTO CAPIVARA SAIDA PARA SAO JOAO DO RIO DO PEIXE	AUGAZA	UIRAUNA	PB				2021-04-08 18:46:13+00	2021-04-08 18:46:13+00
206	212	58915-000	RUA 02 DE DEZEMBRO	 	229	CASA DE JASIVAN DA SERRARIA	TAMANDARE	UIRAUNA	PB				2021-04-08 18:58:54+00	2021-04-08 18:58:54+00
207	213	58915-000	RUA JOAO PESSOA	 	167	DEPOIS DO JOVELINA GOMES	SAO JOSE	UIRAUNA	PB				2021-04-09 12:42:44+00	2021-04-09 12:42:44+00
208	214	58915-000	SITIO MATO GROSSO	 	sn	CHURRASCARIA DO ALTO	ZONA RURAL	UIRAUNA	PB				2021-04-09 20:05:55+00	2021-04-09 20:05:55+00
209	215	58915-000	RUA JOSE GOMES DE GALIZA	 	109	DEPOIS DO ESCRITORIO DE ZE CAETANO	GARRAFAO	UIRAUNA	PB				2021-04-09 20:10:22+00	2021-04-09 20:10:22+00
210	216		RUA ZEO FERNANDES	 	415	PROXIMO A ESCOLA DONA MAROCA	CENTRO	LUIS GOMES	RN				2021-04-10 11:16:17+00	2021-04-10 11:16:17+00
211	217		RUA JOSE FERNANDES QUEIROZ DE SA 	 	67	POR TRAZ DO COMERCIO DE JURIAN - FARMACIA VETERINARIA	CENTRO	LUIS GOMES	RN				2021-04-10 14:54:13+00	2021-04-10 14:54:13+00
212	218	58915-000	BR - 405	 	SN	PX A CHACARA DE DR ZE BARBOSA\nACUDE 	BELA VISTA	UIRAUNA	PB				2021-04-12 14:33:20+00	2021-04-12 14:33:20+00
213	219	58915-000	RUA JOSE BARBOSA	 		OFICINA DE BATATINHA	SAO JOSE	UIRAUNA	PB				2021-04-13 12:09:26+00	2021-04-13 12:09:26+00
214	220	58915-000	RUA SILVESTRE CLAUDINO	 		VIZINHO A CASA DE DR BOSCO 	NOSSA SENHORA DE LOURDES	UIRAUNA	PB				2021-04-13 12:13:37+00	2021-04-13 12:13:37+00
215	221		DEDE BENICIO	 	SN	DEPOIS DO POSTO BANDARRAO 	ZONA RURAL	SAO JOAO DO RIO DO PEIXE	PB				2021-04-13 16:09:49+00	2021-04-13 16:09:49+00
216	222	59940-000	SENHORA SANTANA 	 	512	PROXIMO A QUADRA ESPORTIVA GUILHERMÃO	XXXX	LUIS GOMES 	RN 				2021-04-14 12:54:47+00	2021-04-14 12:54:47+00
217	223	58922-000	ANA CLEIDE EGIDIO ANDRADE BARBOSA 	 	SN 	PRÓXIMO AO CRAS 	CIRILO COSTA MARTINS 	BENADINO BATISTA	PB 				2021-04-14 13:01:13+00	2021-04-14 13:01:13+00
218	224	58915-000	SITIO SANTA URBELINA 	 	sn	 	ZONA RURAL	UIRAUNA 	PB				2021-04-14 18:38:27+00	2021-04-14 18:38:27+00
220	226	58915-000	SITIO VAZANTE	 	SN	PRIMEIRAS CASAS ANTES DO CALCAMENTO	ZONA RURAL	UIRAUNA	PB				2021-04-14 21:38:55+00	2021-04-14 21:38:55+00
221	227	58915-000	RUA FRANCISCO MARIANO DE ALMEIDA	 	148	NA IGREJA DOS CRENTES ENTRA A ESQUERDA - PROXIMO DE GOMES ELETRICISTA	BELA VISTA	UIRAUNA	PB				2021-04-15 12:09:18+00	2021-04-15 12:09:18+00
222	228		RUA MIGUEL ANJO	 	217	POR TRAS DA IGREJA 1 ANDAR 	CAICARA	PARANA	RN				2021-04-15 13:37:30+00	2021-04-15 13:37:30+00
223	229		BANDARRA	 	SN	CASA DE GIL MORAIS	ZONA RURAL	SAO JOAO DO RIO DO PEIXE	PB				2021-04-15 14:16:51+00	2021-04-15 14:16:51+00
224	230	58915-000	RUA FRANCISCO XAVIER DE OLIVEIRA	 	82	NA RUA DA CLINICA DR DIEGO GALDINO	GARRAFAO	UIRAUNA	PB				2021-04-15 14:58:17+00	2021-04-15 14:58:17+00
225	231	58908-000	AVENIDA FREI DAMIAO	 	456	LOJA DE MATERIAL DE CONSTRUCAO - SAIDA PARA SAO JOAO DO RIO DO PEIXE - PB 	CENTRO	POCO JOSE DE MOURA	PB				2021-04-15 17:24:35+00	2021-04-15 17:24:35+00
227	233		RUA JOSE ESTRELA ABRANTES	 	SN	ASSIS GOMES EX PREFEITO - POSTO FAN 	CENTRO	BERNARDINO BATISTA	PB				2021-04-15 22:21:14+00	2021-04-15 22:21:14+00
228	234		RUA ALCIMO VICENTE EGIDIO	 	SN	PROXIMO A SECRETARIA DE EDUCACAO - TRABALHA NO POSTO FAN 	CENTRO	BERNARDINO BATISTA	PB				2021-04-15 22:23:23+00	2021-04-15 22:23:23+00
231	237	58915-000	RUA JOSE ANACLETO	 	29	DE FRENTE A CASA DE LINDARENE 	CRISTO REI	UIRAUNA	PB				2021-04-16 17:29:09+00	2021-04-16 17:29:09+00
232	238		ZEO FERNANDES	 	SN	DO LADO DO CSU	CENTRO	LUIS GOMES	RN				2021-04-16 19:04:01+00	2021-04-16 19:04:01+00
234	240	58915-000	SITIO VAZANTE	 	sn	ENTRA LOGO NA ENTRADA( POSTO FISCAL)	ZONAL RURAL	UIRAUNA	PB 				2021-04-19 11:14:30+00	2021-04-19 11:14:30+00
235	241	58915-000	RUA MARIA DE FATIMA VIEIRA	 		CASA DE MARCOS ROMAO	NOSSA SENHORA DE LOURDES	UIRAUNA	PB				2021-04-20 11:27:08+00	2021-04-20 11:27:08+00
236	242	58915-000	RUA MARIA DE FATIMA VIEIRA	 	SN	EM FRENTE A CASA DE CHICO NECO JOSA	NOSSA SENHORA DE LOURDES	UIRAUNA	PB				2021-04-20 14:20:01+00	2021-04-20 14:20:01+00
237	243	58915-000	RUA CAP ISRAEL	 		JR DO FRANGO - FRENTE A PRACA PE FRANCA 	CENTRO	UIRAUNA	PB				2021-04-20 14:59:45+00	2021-04-20 14:59:45+00
239	245	58915-000	RUA CAPITAL ISRAEL	 	SN	EM FRENTE AO GALEGO DA CEBOLA	CENTRO	UIRAUNA	PB				2021-04-20 17:38:02+00	2021-04-20 17:38:02+00
240	246		RUA JOSE LUIS	 	28	MERCADINHO BOM PRECO 	OLIMPIO	TENENTE ANANIAS	RN				2021-04-20 18:44:59+00	2021-04-20 18:44:59+00
241	247	58915-000	RUA CAPITAL ISRAEL	 	SN	MERCADO MINI PRECO	CENTRO	UIRAUNA	PB				2021-04-20 18:50:07+00	2021-04-20 18:50:07+00
242	248	58915-000	RUA JOSE BARBOSA	 		FRENTE A CAPELA NOSSA SENHORA PERPETUO SOCORRO	GARRAFAO	UIRAUNA	PB				2021-04-21 11:55:39+00	2021-04-21 11:55:39+00
243	249		RUA BERNARDINO JOSE BATISTA	 	SN	RUA DA CAMERA DOS VEREADORES	CENTRO	BERNARDINO BATISTA	PB				2021-04-23 19:48:01+00	2021-04-23 19:48:01+00
244	250		RUA CORONEL MANOEL GONSALVES	 	33	MERCADO NSA DE FATIMA POR TRAS DA SECRETARIA DE SAUDE 	CENTRO	LASTRO	PB				2021-04-26 12:24:04+00	2021-04-26 12:24:04+00
245	251	58915-000	RUA JOEL VIEIRA DA SILVA	 	216	NA RUA DA FEBEME	BELA VISTA	UIRAUNA	PB				2021-04-26 17:14:45+00	2021-04-26 17:14:45+00
246	252		SITIO ANGICOS TORTO	 	SN	FRENTE A CASA DE JOAO DE RAIMUNDO DE ELIAS TEM UMA CAIXA DAGUA DE FRENTE AO PORTAO 	ZONA RURAL 	POCO DANTAS	PB				2021-04-26 17:22:24+00	2021-04-26 17:22:24+00
247	253	58915-000	RUA MAJOR JOSE FERNANDES	 	311	PROXIMO AO LABORATORIO BIO EXAMES	NOSSA SENHORA DE LOURDES	UIRAUNA	PB				2021-04-28 13:56:19+00	2021-04-28 13:56:19+00
248	254	58915-000	JOSE VIEIRA BUJARY 	 	131	AO LADO DO LAB MARCOS AURELIO 	CENTRO 	UIRAUNA 	PB				2021-04-30 13:31:09+00	2021-04-30 13:31:09+00
250	256	58915-000	RUA EUCLIDES FERNANDES	 	SN	AO LADO DO SOUSA ELETROMOVEIS	CENTRO	UIRAUNA	PB				2021-05-03 11:36:12+00	2021-05-03 11:36:12+00
251	257	58915-000	RUA JOSE VIEIRA BUJARY	AP 104	131	PREDIO DA UNA CLIN - DR MARCOS AURELIO	CENTRO	UIRAUNA	PB				2021-05-03 11:46:43+00	2021-05-03 11:46:43+00
252	258	58915-000	SITIO QUIXABA DE BAIXO	 	sn	POR TRAZ DO BAR DE BOREL - CASA DE ALPENDRE	ZONA RURAL	UIRAUNA	PB				2021-05-03 12:11:35+00	2021-05-03 12:11:35+00
253	259	58915-000	RUA JOSE GOMES DE GALIZA	 	31	PROXIMO DA CAPELA NOSSA SENHORA DO PERPETUO SOCORRO	GARRAFAO	UIRAUNA	PB				2021-05-03 12:23:08+00	2021-05-03 12:23:08+00
254	260		SITIO PLACAS	 	sn	AO LADO DO POSTO PEDRO ROMAO VIZINHO A SEVERINO ROSA 	ZONA RURAL	LUIS GOMES	RN				2021-05-03 13:32:47+00	2021-05-03 13:32:47+00
255	261	58915-000	RUA CONEGO BERNARDINO	 	35	DE FRENTE AO AFONSO PEREIRA 	TAMANDARE	UIRAUNA	PB				2021-05-04 11:19:22+00	2021-05-04 11:19:22+00
256	262	58915-000	RUA DOIS DE DEZEMBRO	 	SN	AO LADO DA CASA DE TICO DO LOJAO 	TAMANDARE	UIRAUNA	PB				2021-05-04 13:00:03+00	2021-05-04 13:00:03+00
257	263	58915-000	RUA MARIO FERNANDES FORMIGA	 	SN	PROXIMO AO WILA DO LEITE 1 ANDAR 	NOSSA SENHORA DE LOURDES	UIRAUNA	PB				2021-05-04 13:50:04+00	2021-05-04 13:50:04+00
258	264	58915-000	RUA SAO VICENTE DE PAULA 	 	sn	CASA DE PINGO DAGUA 	CENTRO	UIRAUNA	PB				2021-05-04 16:52:21+00	2021-05-04 16:52:21+00
259	265	58915-000	RUA DOIS DE DEZEMBRO	 	sn	VIZINHO A CASA DE MARTINS SEU PEDRINHO	TAMANDARE	UIRAUNA	PB				2021-05-05 14:11:39+00	2021-05-05 14:11:39+00
260	266	58915-000	JOSE BATISTA DA SILVA	 	SN	DE FRENTE A GRAÇA DE INOKIO 	ALTO DA BELA VISTA	UIRAUNA 	PB 				2021-05-06 18:05:43+00	2021-05-06 18:05:43+00
261	267	58915-000	XXXX	 	SN	DE FRENTE AO GALEGO DA CEBOLA	CENTRO	UIRAUNA	PB				2021-05-06 19:02:33+00	2021-05-06 19:02:33+00
262	268	58915-000	RUA MAJOR JOSE FERNANDES	 	AP 01	ENCIMA DA BIO EXAMES 1 ANDAR 	NOSSA SENHORA DE LOURDES	UIRAUNA	PB				2021-05-06 21:53:33+00	2021-05-06 21:53:33+00
263	269		SITIO SAO JOAO BOSCO	 	SN	EM FRENTE A CAIXA DAGUA - CHAFARIS DEPOIS DO CAMPO. 	ZONA RURAL	POCO DANTAS	PB				2021-05-08 11:30:42+00	2021-05-08 11:30:42+00
264	270		RUA JOILTON PEREIRA	 	27	AO LADO DA GARAGEM DA PREFEITURA	CENTRO	LASTRO	PB				2021-05-10 11:59:08+00	2021-05-10 11:59:08+00
265	271		RUA ANA CLEIDE EGIDIO	 	SN	SINDICADO RURAL 	CENTRO	BERNARDINO BATISTA	PB				2021-05-10 12:17:51+00	2021-05-10 12:17:51+00
266	272		RUA FRANCISCO ANUNCIADO DA COSTA	 	43	PROXIMO A PONTE - LOJA FS MOVEIS 	BOA VISTA	TENENTE ANANIAS	RN				2021-05-10 14:42:56+00	2021-05-10 14:42:56+00
267	273	58915-000	RUA JOSE VIERA BUJARI 	 	102	APARTAMENTO 102, DE FRENTE A DELEGACIA. 	CENTRO 	UIRAUNA 	PB 				2021-05-11 21:07:50+00	2021-05-11 21:07:50+00
268	274	58915-000	FRANCISCO XAVIER	 	SN	PRÓXIMO A CASA DE JR'CDS	GARRAFÃO	UIRAUNA	PB				2021-05-13 17:12:07+00	2021-05-13 17:12:07+00
269	275	58915-000	RUA FRANCISCO PINHEIRO DE SA	 	SN	PROXIMO AO GINASIO BELA VISTA E A CASA DE RAUL DO MEGA SORTEIO	ALTO BELA VISTA	UIRAUNA	PB				2021-05-14 16:22:52+00	2021-05-14 16:22:52+00
270	276	58915-000	RUA ANTONIO GALDINO DE GALIZA	 	215	VIZINHO VEREADOR BENEVENUTO.\n\n	TAMANDARE	UIRAUNA	PB				2021-05-15 13:19:19+00	2021-05-15 13:19:19+00
272	278	58915-000	RUA PROJETADA	 	00	DIGISAT	CENTRO	UIRAUNA	PB				2021-05-17 21:55:37+00	2021-05-17 21:55:37+00
273	279	59940-000	RUA ESTER FERNANDES DE FRIGUEIREIRO 	 	07	POR TRAIS DA OFICINA DE MARQUINHOS.\n	CENTRO	LUIS GOMES	RN 				2021-05-19 14:56:19+00	2021-05-19 14:56:19+00
274	280	58915-000	RUA SILVESTRE CLAUDINO	 	00	ANTIGO SETOR DE TRIBUTOS - DEPOIS DA CAPELA 	NOSSA SENHORA DE LOURDES	UIRAUNA	PB				2021-05-20 16:20:30+00	2021-05-20 16:20:30+00
275	281	58915-000	CORONEL ALVES PINTO	 	71	DE FRENTE A CAPELA SÃO JOSÉ 	SÃO JOSÉ 	UIRAUNA	PB 				2021-05-20 19:11:40+00	2021-05-20 19:11:40+00
276	282	58915-000	RUA CORONEL ALEXANDRE PINTO	 	71	PROXIMO A CAPELA SÃO JOSE 	SÃO JOSE 	UIRAUNA	PB				2021-05-20 19:16:10+00	2021-05-20 19:16:10+00
277	283	58315-000	MAJOR JOSE FERNANDES 	 	652	 	CENTRO	UIRAUNA	PB				2021-05-20 19:18:32+00	2021-05-20 19:18:32+00
278	284	58915-000	RUA CORONEL ALEXANDRE PINTO	 	71	EM FRENTE A CAPELA SAO JOSE - CASA 1 ANDAR	SAO JOSE	UIRAUNA	PB				2021-05-20 20:43:43+00	2021-05-20 20:43:43+00
279	285	58915-000	RUA JOAO NONATO 	 		JULIO BRASIL LAR 	NS DE LOURDES	UIRAUNA	PB				2021-05-24 12:51:29+00	2021-05-24 12:51:29+00
280	286	58915-000	RUA PROJETADA	 	SN	BECO SEM SAIDA POR TRAS DO LICA DUARTE	RETIRO	UIRAUNA	PB				2021-05-25 11:01:39+00	2021-05-25 11:01:39+00
281	287	58915-000	RUA MAJOR JOSE FERNANDES	 	SN	ENCIMA DO MERCADO BOM VIZINHO NETINHO 	NS LOURDES	UIRAUNA	PB				2021-05-25 14:44:34+00	2021-05-25 14:44:34+00
282	288		RUA AUGUSTO FORTUNATO DOS SANTOS	 	21	POR TRAS DA ACADEMIA COMPLEXO VIDA SAUDAVEL 	CENTRO	TENENTE ANANIAS	RN				2021-05-26 12:14:57+00	2021-05-26 12:14:57+00
\.


--
-- Data for Name: clients; Type: TABLE DATA; Schema: public; Owner: postgres
--

COPY public.clients (id, name, cpf, apelido, contato, created_at, updated_at) FROM stdin;
1	LARISSA IRMA DE LUIS NETO	 	LARISSA IRMÃ DE LUIS NETO	(83) 98140-5162	2021-03-22 01:59:35+00	2021-03-22 01:59:35+00
2	CLODOALDO VIEIRA MARTINS	 	CLODOALDO DO RESTAURANRE	(83) 99362-2130	2021-03-22 01:59:35+00	2021-03-22 01:59:35+00
3	MOACIR MENDES	 	MOACIR DO CREDIARIO	(84) 99954-0658	2021-03-22 01:59:35+00	2021-03-22 01:59:35+00
4	THAIS	 	THAIS DE DALVA PAULA	(83) 99183-2768	2021-03-22 01:59:35+00	2021-03-22 01:59:35+00
5	ALBERTINHO	 	ALBERTINHO DIVISA MOTEL	(83) 99627-6126	2021-03-22 01:59:35+00	2021-03-22 01:59:35+00
6	PINHEIRO	 	PINHEIRO LUIS GOMES	(84) 99900-4340	2021-03-22 01:59:36+00	2021-03-22 01:59:36+00
7	FRANCISCO GADELHA	 	FRANCISCO AGUA LARA	(85) 98782-8209	2021-03-22 01:59:36+00	2021-03-22 01:59:36+00
8	ANA MARIA PINHEIRO	052.615.834-46	ANA 	(83) 99113-0619	2021-03-22 01:59:36+00	2021-03-22 01:59:36+00
9	THAIS SANTOS DE ANDRADE	 	THAIS	(83) 98102-2116	2021-03-22 01:59:36+00	2021-03-22 01:59:36+00
10	FRANCISCO DE ASSIS DO NASCIMENTO	055.919.134-07	 FRANCISCO LASTRO	(83) 98183-9056	2021-03-22 01:59:36+00	2021-03-22 01:59:36+00
11	RICARDO CEZARIO 	 	RICARDO CEZARIO  	(83) 99970-3312	2021-03-22 01:59:36+00	2021-03-22 01:59:36+00
12	MARIA DAS GRACAS VIEIRA ABRANTES	 	GRACA DA ACADEMIA	(84) 99662-0330	2021-03-22 01:59:36+00	2021-03-22 01:59:36+00
13	RAUL OLIVEIRA	 	RAUL MEGA SORTEIO	(83) 99921-1037	2021-03-22 01:59:36+00	2021-03-22 01:59:36+00
14	MARIA DO ROSARIO 	 	MARIA DO ROSARIO 	(84) 99844-6683	2021-03-22 01:59:36+00	2021-03-22 01:59:36+00
15	ISLAMARQUE PINHEIRO RODRIGUES	 	ISLAMARQUE	(84) 99846-7409	2021-03-22 01:59:36+00	2021-03-22 01:59:36+00
16	HEGILA MOURA	 	HEGILA ESPOSA DE IGUINHO	(83) 99655-1113	2021-03-22 01:59:36+00	2021-03-22 01:59:36+00
17	CLOVIS MATERIAIS DE CONTRUCOES	 	CLOVIS MAT CONTRUCOES	(83) 99609-3715	2021-03-22 01:59:36+00	2021-03-22 01:59:36+00
18	LUIS GONZAGA FERNANDES DA SILVA	 	LUIZ GONZAGA	(83) 99643-9364	2021-03-22 01:59:36+00	2021-03-22 01:59:36+00
19	JOSE NILSON SANTIAGO SEGUNDO	 	SEGUNDO SANTIAGO	(83) 99997-3253	2021-03-22 01:59:36+00	2021-03-22 01:59:36+00
20	MARIA ELCE	 	MARIA ELCE	(84) 99861-4510	2021-03-22 01:59:36+00	2021-03-22 01:59:36+00
21	GILDECI QUEIROGA VIEIRA	 	SIZIM DO MATO GROSSO	(83) 99112-8908	2021-03-22 01:59:36+00	2021-03-22 01:59:36+00
22	ROSANGELA MARIA DA CONCEICAO	 	ROSANGELA DO MERCADINHO PRECO BAIXO	(84) 99655-4070	2021-03-22 01:59:36+00	2021-03-22 01:59:36+00
23	VALDEMIR 	 	VALDEMIR DO COMERCIO	(83) 99932-1736	2021-03-22 01:59:36+00	2021-03-22 01:59:36+00
24	DERMIVAL	 	DERMIVAL BRILHE CAR	(85) 99665-4545	2021-03-22 01:59:36+00	2021-03-22 01:59:36+00
25	PREFEITURA MAJOR SALES	 	PREFEITURA MAJOR SALES	(84) 98158-1906	2021-03-22 01:59:36+00	2021-03-22 01:59:36+00
26	EPTASSIO	 	EPTASSIO DA FARMACIA	(84) 98721-2801	2021-03-22 01:59:36+00	2021-03-22 01:59:36+00
27	OTAVIO NETO	 	OTAVIO - LUCRECIA 	(83) 99691-4368	2021-03-22 01:59:36+00	2021-03-22 01:59:36+00
28	PAULA QUEIROGA	 	IRMÃ DE DADÁ 	(83) 99327-4692	2021-03-22 01:59:36+00	2021-03-22 01:59:36+00
29	CLAUDINHO  DO POSTO	 	CLAUDINHO DO POSTO	(84) 99625-8217	2021-03-22 01:59:36+00	2021-03-22 01:59:36+00
30	NEL 	 	NEL NONATAO	(83) 99614-0700	2021-03-22 01:59:36+00	2021-03-22 01:59:36+00
31	RAIMUNDO CEZARIO	 	RAIMUNDO CEZARIO	(83) 99954-9635	2021-03-22 01:59:36+00	2021-03-22 01:59:36+00
32	LUIS IRAPUAN	 	LUIZ IRAPUAN	(83) 99997-0108	2021-03-22 01:59:36+00	2021-03-22 01:59:36+00
33	ROMARIO TAVARES	 	ROMARIO TAVARES	(83) 99368-7893	2021-03-22 01:59:36+00	2021-03-22 01:59:36+00
34	EDILSON LEMOS	 	LEMOS	(84) 99956-3559	2021-03-22 01:59:36+00	2021-03-22 01:59:36+00
35	IVAN	 	IVAN VIA SOM	(83) 99914-7576	2021-03-22 01:59:36+00	2021-03-22 01:59:36+00
36	RENAN ALMEIDA	 	RENAN ALMEIDA	(83) 99949-4744	2021-03-22 01:59:36+00	2021-03-22 01:59:36+00
37	CARLA RAESKA 	 	RAESKA	(83) 99826-3436	2021-03-22 01:59:36+00	2021-03-22 01:59:36+00
38	MALU OLIVEIRA	 	MALU FILHA DE BODINHO	(83) 99912-3605	2021-03-22 01:59:36+00	2021-03-22 01:59:36+00
39	PAULO CESAR	 	PAULO CESAR DA KI JOIA OPTICA	(83) 99145-4432	2021-03-22 01:59:36+00	2021-03-22 01:59:36+00
40	MARIANA FERNANDES	 	MARIANA FERNANDES	(84) 99982-3638	2021-03-22 01:59:36+00	2021-03-22 01:59:36+00
41	ANDRE 	 	ANDRE DA MARIANA	(83) 98133-2449	2021-03-22 01:59:36+00	2021-03-22 01:59:36+00
42	ASSIS FURTADO	 	ASSIS FURTADO	(83) 99999-5375	2021-03-22 01:59:36+00	2021-03-22 01:59:36+00
43	DANIEL NETO	 	DANIEL DE FERNANDINHO	(83) 99928-4555	2021-03-22 01:59:36+00	2021-03-22 01:59:36+00
44	MARIA LIDUINA CAVALCANTE REBOUCAS	163.494.153-53	LIDUINA	(84) 99614-9820	2021-03-22 01:59:36+00	2021-03-22 01:59:36+00
45	GRACA DE BOSCO	 	GRACA DE BOSCO	(83) 99140-4928	2021-03-22 01:59:36+00	2021-03-22 01:59:36+00
46	RAMON DE ALMEIDA PINTO	 	RAMON PINTO	(83) 99144-1074	2021-03-22 01:59:36+00	2021-03-22 01:59:36+00
47	ELIZETE FERREIRA	 	 ELIZETE FERREIRA	(83) 99871-6531	2021-03-22 01:59:36+00	2021-03-22 01:59:36+00
48	CAETANO MANOEL DE LIMA	 	CAETANO	(83) 99849-4110	2021-03-22 01:59:36+00	2021-03-22 01:59:36+00
49	JOSE VANDERLEI FERNANDES	 	VANDERLEI DOS CORREIOS	(83) 99970-9369	2021-03-22 01:59:36+00	2021-03-22 01:59:36+00
50	NAILTON DA TAPECARIA	 	NAILTON TAPECARIA	(83) 99970-9369	2021-03-22 01:59:36+00	2021-03-22 01:59:36+00
51	KALIELANDIA	 	KALIELANDIA 	(83) 98185-1213	2021-03-22 01:59:36+00	2021-03-22 01:59:36+00
52	ELIOTTI ROCHA	 	ELIOTTI ROCHA	(83) 99942-3542	2021-03-22 01:59:36+00	2021-03-22 01:59:36+00
53	CHICA DE ZEZA	 	CHICA DE ZEZA\n	(83) 99302-2915	2021-03-22 01:59:36+00	2021-03-22 01:59:36+00
54	LUIZETE 	 	LUIZETE IRMÃ DE ELIVANILDO	(74) 98824-2725	2021-03-22 01:59:36+00	2021-03-22 01:59:36+00
55	ZE LATINHA	 	ZE LATINHA	(83) 99999-9999	2021-03-22 01:59:36+00	2021-03-22 01:59:36+00
56	CRISTIANO TARANDELA 	 	CRISTIANO TARANDELA	(83) 99419-1917	2021-03-22 01:59:36+00	2021-03-22 01:59:36+00
57	BETANIO FARMACIA 	 	BETANIO FARMÁCIA  	(83) 99315-6400	2021-03-22 01:59:36+00	2021-03-22 01:59:36+00
58	WILCA DE JUACIR	 	WILCA DE JUACIR	(84) 92000-4245	2021-03-22 01:59:36+00	2021-03-22 01:59:36+00
59	SIMONE LIRA	 	SIMONE LIRA	(83) 99892-1041	2021-03-22 01:59:36+00	2021-03-22 01:59:36+00
60	JULIANA CEZARIO	 	JULIANA CEZARIO	(83) 99905-0564	2021-03-22 01:59:36+00	2021-03-22 01:59:36+00
61	AURELIO GADELHA	 	AURELIO GADELHA	(83) 99191-1777	2021-03-22 01:59:36+00	2021-03-22 01:59:36+00
62	RIBAMAR	 	RIBAMAR	(83) 99992-7989	2021-03-22 01:59:36+00	2021-03-22 01:59:36+00
63	DIEGO GALDINO	 	DIEGO GALDINO	(83) 99822-8145	2021-03-22 01:59:36+00	2021-03-22 01:59:36+00
64	TANTINHA 	 	TANTINHA DR GERALDO	(83) 99100-6565	2021-03-22 01:59:36+00	2021-03-22 01:59:36+00
65	MARIA 	 	MARIA BELADORA	(83) 99854-8789	2021-03-22 01:59:36+00	2021-03-22 01:59:36+00
66	MARIA DAS GRAÇAS 	 	MARIA DAS GRAÇAS	(83) 99608-6314	2021-03-22 01:59:36+00	2021-03-22 01:59:36+00
67	FLAVIO AFONSO	 	FLAVIO AFONSO	(83) 99160-6545	2021-03-22 01:59:36+00	2021-03-22 01:59:36+00
68	LUCIENE VIEIRA	 	LUCIENE ESPOSA DE JOAO PAULO	(83) 99178-9166	2021-03-22 01:59:36+00	2021-03-22 01:59:36+00
69	CHICO MALUCO	 	CHICO MALUCO	(83) 99613-9979	2021-03-22 01:59:36+00	2021-03-22 01:59:36+00
70	REGINA CELLI DA SILVA	 	REGINA DE CHICAO	(83) 99152-2736	2021-03-22 01:59:36+00	2021-03-22 01:59:36+00
71	ITAMAR MOREIRA	 	ITAMAR MOREIRA	(83) 99924-4443	2021-03-22 01:59:36+00	2021-03-22 01:59:36+00
72	CLAUDIO DO CARTORIO	 	CLAUDIO DO CARTORIO	(83) 99145-2988	2021-03-22 01:59:36+00	2021-03-22 01:59:36+00
73	LUCIANO DO BANCO DO BRASIL	 	LUCIANO BB 	(83) 99156-4549	2021-03-22 01:59:36+00	2021-03-22 01:59:36+00
74	NEIDE MORAIS	 	NEIDE JULIO BRASIL	(83) 99681-8625	2021-03-22 01:59:36+00	2021-03-22 01:59:36+00
75	PREFEITURA LUIS GOMES	 	PREFEITURA LUIS GOMES	(84) 99818-4290	2021-03-22 01:59:36+00	2021-03-22 01:59:36+00
76	RUBENS DESCONTAO	 	RUBENS DESCONTAO	(83) 99984-8967	2021-03-22 01:59:36+00	2021-03-22 01:59:36+00
77	JOSE EUDES 	 	JOSE EUDES PINTOR	(83) 99833-2867	2021-03-22 01:59:36+00	2021-03-22 01:59:36+00
78	EDSON BRITO 	 	EDSON BRITO	(83) 99992-9753	2021-03-22 01:59:36+00	2021-03-22 01:59:36+00
79	RAFAEL VIEIRA	 	RAFAEL RODAO	(83) 99170-1148	2021-03-22 01:59:36+00	2021-03-22 01:59:36+00
80	NEIDE LACERDA	 	NEIDE - DANIELE MODAS	(83) 99967-7793	2021-03-22 01:59:36+00	2021-03-22 01:59:36+00
81	CLECIA DE BENICINHO	 	CLECIA DE BENICINHO	(83) 99655-3754	2021-03-22 01:59:36+00	2021-03-22 01:59:36+00
82	MARIA DO CEU	 	MARIA DO CEU DE DEDE	(83) 99175-6118	2021-03-22 01:59:36+00	2021-03-22 01:59:36+00
83	RENAN MAGALHAES	 	RENAN MAGALHAES	(11) 98577-2197	2021-03-22 01:59:36+00	2021-03-22 01:59:36+00
84	EDGAR 	 	EDGAR DE ZE DE LO	(83) 99918-2518	2021-03-22 01:59:36+00	2021-03-22 01:59:36+00
85	CORRINHA DE LO	 	CORRINHA DE LO	(83) 99183-8939	2021-03-22 01:59:36+00	2021-03-22 01:59:36+00
86	BRUNA FERNANDES	 	BRUNA FERNANDES	(84) 99664-1834	2021-03-22 01:59:36+00	2021-03-22 01:59:36+00
87	JULIETE DOUTOR BOSCO	 	JULIETE DR BOSCO	(83) 99332-2225	2021-03-22 01:59:36+00	2021-03-22 01:59:36+00
88	BEBE DA BANDARRA	 	BEBE DA BADARRA	(83) 99650-5804	2021-03-22 01:59:36+00	2021-03-22 01:59:36+00
89	KATIA DE PEDRO BATISTA	 	KATIA DE PEDRO BATISTA	(83) 99827-7594	2021-03-22 01:59:36+00	2021-03-22 01:59:36+00
90	ALLAN FERNANDES	 	ALLAN DE MARINHEIRO	(84) 99681-8866	2021-03-22 01:59:36+00	2021-03-22 01:59:36+00
91	FRANK DO MERCADO	 	FRANK DO MERCADO	(83) 99120-5494	2021-03-22 01:59:36+00	2021-03-22 01:59:36+00
92	MARCIUS NEY 	 	MARCIO DO BANCO 	(83) 99913-0276	2021-03-22 01:59:36+00	2021-03-22 01:59:36+00
93	HUMBERTO 	 	HUMBERTO VEREADOR	(83) 99378-7774	2021-03-22 01:59:36+00	2021-03-22 01:59:36+00
94	BETINHO 	 	BETINHO PORTAO	(83) 99941-0506	2021-03-22 01:59:36+00	2021-03-22 01:59:36+00
95	ELIZANGELA DE BERVAN	 	ELIZANGELA DE BERVAN	(83) 99186-2880	2021-03-22 01:59:36+00	2021-03-22 01:59:36+00
96	ASSIS NEO LINE	 	ASSIS NEO LINE	(83) 99112-9282	2021-03-22 01:59:36+00	2021-03-22 01:59:36+00
97	ROMANO	 	ROMANO ADVOGADO	(83) 99999-6751	2021-03-22 01:59:36+00	2021-03-22 01:59:36+00
98	ZAIAMA	 	ZAIAMA BOM PASSO	(83) 99604-6349	2021-03-22 01:59:36+00	2021-03-22 01:59:36+00
99	JOSE HENRIQUE	 	HENRIQUE F NOVA	(83) 99953-4825	2021-03-22 01:59:36+00	2021-03-22 01:59:36+00
100	MERO 	 	MERO M&C FASHION	(83) 99869-2609	2021-03-22 01:59:36+00	2021-03-22 01:59:36+00
101	LOURDINHA	 	LURDINHA CHICO QUEIROGA	(83) 99820-3331	2021-03-22 01:59:36+00	2021-03-22 01:59:36+00
102	EDNALDA	 	EDNALDA COSTA	(83) 99959-4332	2021-03-22 01:59:36+00	2021-03-22 01:59:36+00
103	SOCORRO IRMÃ DE PEDRO VIERA	 	SOCORRO  IRMÃ DE PEDRO VIERA	(83) 99999-9999	2021-03-22 01:59:37+00	2021-03-22 01:59:37+00
104	RAIMUNDINHO 	 	RAIMUNDINHO DO MERCADO	(83) 99999-9999	2021-03-22 01:59:37+00	2021-03-22 01:59:37+00
105	ADAILTON 	 	ADAILTON DE CHICÃO MOTO TAXI 	(11) 96213-5127	2021-03-22 01:59:37+00	2021-03-22 01:59:37+00
106	FRANCINEIDE	 	FRANCINEIDE 	(83) 99320-9140	2021-03-22 01:59:37+00	2021-03-22 01:59:37+00
107	PATRICIA \n	 	PATRICIA RUA DA CADEIA	(83) 99319-3926	2021-03-22 01:59:37+00	2021-03-22 01:59:37+00
108	FRANCISCA DAS CHAGAS DUARTE DA SILVA	 	FRANCISQUINHA	(83) 99616-6072	2021-03-22 01:59:37+00	2021-03-22 01:59:37+00
109	LINDA KATIA	 	LINDA KATIA	(83) 99371-1727	2021-03-22 01:59:37+00	2021-03-22 01:59:37+00
110	ZE FERNANDES	 	ZE FERNANDES VEREADOR	(83) 99999-9999	2021-03-22 01:59:37+00	2021-03-22 01:59:37+00
111	CONSOLA SANTIAGO	 	CONSOLA SANTIAGO	(83) 99680-9405	2021-03-22 01:59:37+00	2021-03-22 01:59:37+00
112	BARBARA SANTIAGO	 	BARBARA SANTIAGO	(83) 99985-3858	2021-03-22 01:59:37+00	2021-03-22 01:59:37+00
114	FRANCISCO LEANDRO - TORO	 	FCO LEANDRO - TORO	(83) 99999-9999	2021-03-22 01:59:37+00	2021-03-22 01:59:37+00
115	MARIA GILVANEIDE	079.168.074-67	MARIA GILVANEIDE	(83) 99821-9706	2021-03-22 01:59:37+00	2021-03-22 01:59:37+00
116	JANAILDO	 	JANAILDO	(83) 99632-3809	2021-03-22 01:59:37+00	2021-03-22 01:59:37+00
117	LENA 	 	LENA DE VALMIR	(83) 99838-5254	2021-03-22 01:59:37+00	2021-03-22 01:59:37+00
118	GERSINHO	 	GERSINHO VIEIROPOLIS	(83) 98118-7482	2021-03-22 01:59:37+00	2021-03-22 01:59:37+00
119	FRANCISCA GELSA ABRANTES DO NASCIMENTO	 	FRANCISQUINHA DE JOAO TOMAZ	(83) 99619-5219	2021-03-22 01:59:37+00	2021-03-22 01:59:37+00
120	RICARDO MORAIS	 	RICARDO MORAIS	(83) 99142-7576	2021-03-22 01:59:37+00	2021-03-22 01:59:37+00
121	ZE VIEIRA	 	ZE VIEIRA CONSTRU HOUSE	(83) 99663-4172	2021-03-22 01:59:37+00	2021-03-22 01:59:37+00
122	KISSIO	 	KISSIO LASTRO	(83) 98175-4545	2021-03-22 01:59:37+00	2021-03-22 01:59:37+00
123	LUIZ DO MINEIRO	 	LUIZ DO MINERO	(84) 99931-9992	2021-03-22 01:59:37+00	2021-03-22 01:59:37+00
124	REGIO MORAIS	 	REGIO MORAIS	(83) 99639-0490	2021-03-22 01:59:37+00	2021-03-22 01:59:37+00
125	GIRLIADE  ESPOSO DE MARIA DO POSTO	 	GIRLIADE ESPOSO DE MARIA DO POSTO 	(83) 99601-6336	2021-03-22 01:59:37+00	2021-03-22 01:59:37+00
127	MANINHO JOCA CLAUDINO	 	MANINHO JOCA CLAUDINO	(83) 99911-1669	2021-03-22 01:59:37+00	2021-03-22 01:59:37+00
128	ATHAILDO DESPACHANTE 	 	ATHAILDO DESPACHANTE	(84) 99927-5002	2021-03-22 01:59:37+00	2021-03-22 01:59:37+00
129	CLAUDIO MARCIO 	 	MARCIO DE LUIS GOMES 	(84) 99623-6481	2021-03-22 01:59:37+00	2021-03-22 01:59:37+00
130	JADISON 	 	JADISON 	(83) 98141-2178	2021-03-22 01:59:37+00	2021-03-22 01:59:37+00
131	VALERIA 	 	VALERIA AUGUSTO JOSE	(83) 99108-8804	2021-03-22 01:59:37+00	2021-03-22 01:59:37+00
132	HAROLDO 	 	HAROLDO OFICIAL DE JUSTICA	(84) 99814-4920	2021-03-22 01:59:37+00	2021-03-22 01:59:37+00
133	FRANCISCO NECO JOSA	 	FCO NECO JOSA	(83) 99999-9999	2021-03-22 01:59:37+00	2021-03-22 01:59:37+00
134	SANDRA ALEXANDRE	 	SANDRA ALEXANDRE	(83) 98104-0440	2021-03-22 01:59:37+00	2021-03-22 01:59:37+00
135	GUTIERI DE ROLINHA	 	GUTIERE ROLINHA 	(83) 99697-6403	2021-03-22 01:59:37+00	2021-03-22 01:59:37+00
136	FRANCISCO SEGUNDO	 	SEGUNDO ENG	(83) 99830-3647	2021-03-22 01:59:37+00	2021-03-22 01:59:37+00
137	MARCOS AURELIO DE QUEIROGA	 	MARCOS AURELIO	(83) 99683-2472	2021-03-22 01:59:37+00	2021-03-22 01:59:37+00
138	DEMOSTENES CEZARIO	 	DEMOSTENES	(83) 99924-3923	2021-03-22 01:59:37+00	2021-03-22 01:59:37+00
139	MARIA DE FATIMA	 	MARIA DE FATIMA	(83) 99142-1503	2021-03-22 01:59:37+00	2021-03-22 01:59:37+00
140	JUVANILDA MATIAS	 	JUVANILDA TRAB LOJAO	(83) 99127-9204	2021-03-22 01:59:37+00	2021-03-22 01:59:37+00
141	KAREN DA SILVA ROMAO	 	KAREN BELA VISTA	(81) 99878-0835	2021-03-22 01:59:37+00	2021-03-22 01:59:37+00
142	ITAMARA PINHEIRO RODRIGUES 	 	ITAMARA - ARAUJO ELETROMOVEIS	(84) 99933-4653	2021-03-22 01:59:37+00	2021-03-22 01:59:37+00
143	FRANCIMARIO FOTO IDEAL	 	FRANCIMARIO FOTO IDEAL	(83) 99670-3609	2021-03-22 01:59:37+00	2021-03-22 01:59:37+00
144	VALDIR DA CACHOEIRA	 	VALDIR DA CACHOEIRA	(83) 98101-6498	2021-03-22 01:59:37+00	2021-03-22 01:59:37+00
145	IDELZUITE NOGUEIRA	 	IDELZUITE NOGUEIRA	(83) 99909-4797	2021-03-22 01:59:37+00	2021-03-22 01:59:37+00
146	EVALDO MONTES	 	EVALDO MONTES	(83) 99900-8362	2021-03-22 01:59:37+00	2021-03-22 01:59:37+00
147	FIRMINO CABELELEIRO	 	FIRMINO CABELELEIRO	(83) 99189-5443	2021-03-22 01:59:37+00	2021-03-22 01:59:37+00
148	CARLOS AUGUSTO TUTUTA	 	TUTUTA	(84) 99928-6202	2021-03-22 01:59:37+00	2021-03-22 01:59:37+00
149	VANESSA TENENTE ANANIAS	 	VANESSA TENENTE ANANIAS	(84) 99834-5753	2021-03-22 01:59:37+00	2021-03-22 01:59:37+00
150	TROPICAL MAGAZINE	 	TROPICAL MAGAZINE	(83) 99650-6499	2021-03-22 01:59:37+00	2021-03-22 01:59:37+00
151	ZE FILHO PRIMO	 	ZE FILHO PRIMO 	(83) 99987-3552	2021-03-22 01:59:37+00	2021-03-22 01:59:37+00
152	RODRIGO SANTA HELENA 	 	RODRIGO S HELENA	(11) 98612-5841	2021-03-22 01:59:37+00	2021-03-22 01:59:37+00
153	PIZZARIA DONA MARQUERITTA 	 	PIZZARIA DONA MARQUERITTA\n	(83) 99419-1917	2021-03-22 01:59:37+00	2021-03-22 01:59:37+00
154	JUVINO OLIVEIRA	 	JUVINO OLIVEIRA	(84) 99893-8709	2021-03-22 01:59:37+00	2021-03-22 01:59:37+00
155	DONA BRANCA	 	DONA BRANCA	(84) 99933-1659	2021-03-22 01:59:37+00	2021-03-22 01:59:37+00
156	ANA FERNANDES VIEIRA	 	ANA MAE DE MATHEUS	(83) 99358-5623	2021-03-22 01:59:37+00	2021-03-22 01:59:37+00
157	ALGUIBERTO MORAIS	 	ALGUIBERTO DA FARMACIA	(84) 99918-9655	2021-03-22 01:59:37+00	2021-03-22 01:59:37+00
158	ISAAC PINHEIRO	 	ISAAC PINHEIRO	(83) 99886-4755	2021-03-22 01:59:37+00	2021-03-22 01:59:37+00
159	FRANCISCA NASCIMENTO	 	FRANCISCA NASCIMENTO	(83) 99814-4775	2021-03-22 01:59:37+00	2021-03-22 01:59:37+00
160	GERISVAN	 	GERISVAN MARCENEIRO	(83) 99986-7474	2021-03-22 01:59:37+00	2021-03-22 01:59:37+00
161	ERIVAN SAX	 	ERIVAN SAX	(83) 99869-9791	2021-03-22 01:59:37+00	2021-03-22 01:59:37+00
162	VERUSKA DE ARHUTR DO ESPETINHO 	 	VERUSKA DE ARTHUR DO ESPETINHO	(83) 99860-4738	2021-03-22 01:59:37+00	2021-03-22 01:59:37+00
163	MAYRA DE SINVAL	 	MAYRA DE SINVAL 	(83) 99991-0515	2021-03-22 01:59:37+00	2021-03-22 01:59:37+00
164	GUILHERME DE TEOR	 	GUILHERME DE TEOR	(83) 99826-3509	2021-03-22 01:59:37+00	2021-03-22 01:59:37+00
165	ZE DE LIU	 	ZE DE LIU	(83) 99939-2061	2021-03-22 01:59:37+00	2021-03-22 01:59:37+00
166	FRANCISCO DA SILVA	 	MIRÔ	(84) 99600-6408	2021-03-22 01:59:37+00	2021-03-22 01:59:37+00
167	LUCIANO TORQUATO	 	LUCIANO TORQUATO	(84) 99947-3778	2021-03-22 01:59:37+00	2021-03-22 01:59:37+00
168	ZE CONTADOR	 	ZE CONTADOR	(83) 99961-0471	2021-03-22 01:59:37+00	2021-03-22 01:59:37+00
169	AMANDA SANTIAGO	 	AMANDA ESPOSA DE TOINHO DA QUIXABA	(83) 99885-7013	2021-03-22 01:59:37+00	2021-03-22 01:59:37+00
170	AMARILDO	 	AMARILDO 	(83) 99681-8353	2021-03-22 01:59:37+00	2021-03-22 01:59:37+00
171	PEDRO DO GASBRAS	 	PEDRO DO GASBRAS	(83) 98182-8575	2021-03-22 01:59:37+00	2021-03-22 01:59:37+00
172	VANUZA 	 	VANUZA	(83) 99619-2134	2021-03-22 01:59:37+00	2021-03-22 01:59:37+00
173	ANA LUCIA 	 	ANA LUCIA DE ITAMAR	(83) 99999-9999	2021-03-22 01:59:37+00	2021-03-22 01:59:37+00
174	LUIZINHO DE SOCORRO FERNANDES	 	LUIZINHO FERNANDES	(83) 99604-7671	2021-03-22 01:59:37+00	2021-03-22 01:59:37+00
175	LUCAS SANTANA	 	LUCAS SANTANA	(83) 99302-7494	2021-03-22 01:59:37+00	2021-03-22 01:59:37+00
176	SASSA 	 	SASSA UNA GELO	(83) 99991-4266	2021-03-22 01:59:37+00	2021-03-22 01:59:37+00
177	LEANDRO SEC TURISMO LUIS GOMES	 	LEANDRO LUIS GOMES	(84) 99812-5511	2021-03-22 01:59:37+00	2021-03-22 01:59:37+00
178	ALDEIR FILHO	 	ALDEIR TECCEL	(83) 99999-1676	2021-03-22 01:59:37+00	2021-03-22 01:59:37+00
179	FRANCISCO MENDES	 	CHIQUINHO BARATAO	(83) 99623-0082	2021-03-22 01:59:37+00	2021-03-22 01:59:37+00
180	NENEM DA OFICINA 	 	NENEM DA OFICINA 	(84) 99865-2772	2021-03-22 01:59:37+00	2021-03-22 01:59:37+00
181	LORA 	 	LORA DO MERCADO 	(83) 99624-6819	2021-03-22 01:59:37+00	2021-03-22 01:59:37+00
182	MARIA DO CEU FERNANDES	 	MARIA DO CEU FERNANDES	(84) 99661-4264	2021-03-22 01:59:37+00	2021-03-22 01:59:37+00
183	MARCILIA DO LEITE	 	MARCILIA DO LEITE	(83) 99171-8455	2021-03-22 01:59:37+00	2021-03-22 01:59:37+00
184	PREFEITURA POCO DANTAS	 	PREFEITURA POCO DANTAS 	(83) 99924-4443	2021-03-23 12:38:47+00	2021-03-23 12:40:24+00
185	AMELIA FERNANDES	 	AMELIA FERNANDES	(83) 99982-7496	2021-03-23 12:54:24+00	2021-03-23 12:54:24+00
186	JACKSON JET MASTER	 	JACKSON JET MASTER	(83) 99644-4867	2021-03-23 13:12:30+00	2021-03-23 13:12:30+00
187	JOSE HERACLES	 	VEI DE GERALDO MOISES	(83) 99400-3534	2021-03-23 13:21:18+00	2021-03-23 13:21:18+00
194	ELOISA NOGUEIRA	 	ELOISA NOGUEIRA	(83) 99185-8674	2021-03-25 18:53:40+00	2021-03-25 18:53:40+00
195	RICELIO DA POUSADA	 	RICELIO DA POUSADA	(83) 99127-5336	2021-03-25 18:55:44+00	2021-03-25 18:55:44+00
196	DAMIANA CAENIA DOS SANTOS	 	DAMIANA	(83) 99824-3771	2021-03-25 20:09:13+00	2021-03-25 20:09:13+00
197	JOSE ERASMO DE MORAIS	 	ERASMO MORAIS	(83) 99999-9999	2021-03-26 17:10:10+00	2021-03-26 17:10:10+00
198	LETICIA DA SILVA GONZAGA	 	LETICIA GONZAGA	(83) 99633-3451	2021-03-26 18:57:39+00	2021-03-26 18:57:39+00
199	SEVERINO CALIXTO JUNIOR	 	JR DO LOJAO	(83) 99104-1218	2021-04-06 11:50:42+00	2021-04-06 11:50:42+00
200	MAMA	 	MAMA VOZ VIOLAO	(83) 99604-4019	2021-04-06 12:00:19+00	2021-04-06 12:00:19+00
201	LINDOVAN	 	LINDOVAN QUIXABA	(83) 99354-8206	2021-04-06 12:19:57+00	2021-04-06 12:19:57+00
202	VAL LINHARES	 	VAL LINHARES	(84) 99845-1107	2021-04-06 17:37:01+00	2021-04-06 17:37:01+00
203	CELIVANIA	 	CELIVANIA	(83) 99608-1242	2021-04-06 17:45:19+00	2021-04-06 17:45:19+00
204	LUCINHA ROCHA	 	LUCINHA ROCHA	(83) 99620-5964	2021-04-07 14:10:53+00	2021-04-07 14:10:53+00
205	OZINALDO ALVES DE FREITAS	 	OZINALDO - IRMAO DE TIUZINHO	(83) 99999-9999	2021-04-07 14:23:08+00	2021-04-07 14:23:08+00
206	LINDARENE FERNANDES	 	LINDARENE	(83) 99641-7221	2021-04-07 16:02:37+00	2021-04-07 16:02:37+00
207	ANDERSON DAVID	 	DAVID DE FRANK 	(83) 99954-0674	2021-04-08 12:37:46+00	2021-04-08 12:37:46+00
113	NENEM TOIN ANDRE	 	NENEM DE TOIN ANDRE	(83) 99343-5843	2021-03-22 01:59:37+00	2021-04-08 14:27:41+00
208	ADRIANA DE TEINHA	 	ADRIANA DE TEINHA 	(83) 99987-0061	2021-04-08 16:33:44+00	2021-04-08 16:33:44+00
209	LUCIMARIO QUEIROGA	 	LUCIMARIO QUIXABA	(83) 99624-6235	2021-04-08 16:37:02+00	2021-04-08 16:37:02+00
210	MARIA APARECIDA SOARES DO REGO	 	APARECIDA	(84) 99931-3817	2021-04-08 17:30:11+00	2021-04-08 17:30:11+00
211	NENEM DO POSTO	 	NENEM DO POSTO	(83) 99665-9266	2021-04-08 18:46:13+00	2021-04-08 18:46:47+00
212	JACIVAN	 	JACIVAN DA SERRARIA	(83) 99649-2385	2021-04-08 18:58:54+00	2021-04-08 18:58:54+00
213	GADELHA	 	GADELHA JOGADOR	(83) 99121-6713	2021-04-09 12:42:44+00	2021-04-09 12:42:44+00
214	MANELZINHO MATO GROSSO	 	MANELZINHO MATO GROSSO	(83) 99162-5239	2021-04-09 20:05:55+00	2021-04-09 20:05:55+00
215	LUCIANO AMARAL	 	AMARAL	(83) 99602-7228	2021-04-09 20:10:22+00	2021-04-09 20:10:22+00
216	FRANCISCO CLAILTON DOLA	 	DOLA DO CREDIARIO	(84) 99627-8151	2021-04-10 11:16:17+00	2021-04-10 11:16:17+00
217	MARCIO HENRIQUE BATISTA DE AQUINO	 	MARCIO VETERINARIO	(84) 99868-8964	2021-04-10 14:54:13+00	2021-04-10 14:54:13+00
218	ZEZINHO VIDRAÇARIA	 	ZEZINHO VIDRAÇARIA	(83) 99807-9960	2021-04-12 14:33:20+00	2021-04-12 14:33:20+00
219	AURIAN RIBEIRO	 	BATATINHA	(83) 99631-3900	2021-04-13 12:09:26+00	2021-04-13 12:09:26+00
220	BRUNO PLACIDO	 	BRUNO DO BANCO	(83) 99385-8888	2021-04-13 12:13:37+00	2021-04-13 12:13:37+00
221	JOCELIO DEDE BENICIO	 	JOCELIO DEDE BENICIO	(83) 99806-5014	2021-04-13 16:09:49+00	2021-04-13 16:09:49+00
222	MARIA DE LOURDES DO NASCIMENTO	 	MARIA DE LOURDES DO NASCIMENTO	(00) 00000-00000	2021-04-14 12:54:47+00	2021-04-14 12:54:47+00
223	ANA LUCIA DA SILVA 	 	ANA LUCIA DA SILVA 	(83) 99886-8919	2021-04-14 13:01:13+00	2021-04-14 13:01:13+00
226	REGILANE 	 	REGILANE IRMA DE NALDINHO	(84) 99642-7401	2021-04-14 21:38:55+00	2021-04-14 21:38:55+00
224	DIM	 	DIM OLHO DAGUA SECO	(83) 99673-4290	2021-04-14 18:38:27+00	2021-04-15 12:18:42+00
227	JOSE VICTO NETO	 	LINDOMAR	(83) 99817-1070	2021-04-15 12:09:18+00	2021-04-15 12:36:32+00
228	MARIA NITA DUARTE	 	MARIA NITA	(31) 98640-7149	2021-04-15 13:37:30+00	2021-04-15 13:37:30+00
229	GIL MORAIS	 	GIL MORAIS	(83) 99973-3311	2021-04-15 14:16:51+00	2021-04-15 14:16:51+00
230	BERNADETE GONSALVES	 	BERNADETE DE GERALDO	(83) 99658-2367	2021-04-15 14:58:17+00	2021-04-15 14:58:17+00
231	MARCOS ANTONIO 	 	MARCOS ANTONIO PJM	(83) 99668-0003	2021-04-15 17:24:35+00	2021-04-15 17:24:35+00
233	ASSIS GOMES DOS SANTOS	 	ASSIS GOMES	(83) 99651-9850	2021-04-15 22:21:14+00	2021-04-15 22:21:14+00
234	MANOEL BONFIM AMORIM FILHO	 	MARLIM	(83) 99969-3026	2021-04-15 22:23:23+00	2021-04-15 22:23:23+00
237	TEREZINHA FERNANDES	 	TEREZINHA IRMA DE EPTASSIO	(83) 99641-7221	2021-04-16 17:29:09+00	2021-04-16 17:29:09+00
238	JOAO FRAZA	 	JOAO FRAZA	(84) 99609-5247	2021-04-16 19:04:01+00	2021-04-16 19:04:01+00
241	MARCOS ROMAO	 	MARCOS ROMAO	(83) 99637-1718	2021-04-20 11:27:08+00	2021-04-20 11:27:08+00
240	VALDIR GONZAGA 	 	VALDIR GONZAGA 	(84) 99676-3425	2021-04-19 11:14:30+00	2021-04-19 14:00:37+00
242	HELIO GALIZA	 	HELIO GALIZA	(83) 99306-3331	2021-04-20 14:20:01+00	2021-04-20 14:20:01+00
243	JUNIOR DO FRANGO	 	JR DO FRANGO	(83) 99830-2827	2021-04-20 14:59:45+00	2021-04-20 14:59:45+00
245	RANNIER ARAUJO	 	ATACADAO DA MODA	(84) 99833-9477	2021-04-20 17:38:02+00	2021-04-20 17:38:02+00
246	SINVAL ANDRE	 	SINVAL ANDRE	(84) 99942-9747	2021-04-20 18:44:59+00	2021-04-20 18:44:59+00
247	TEOR RAIMUNDO NONATO	 	TEOR 	(83) 99819-2258	2021-04-20 18:50:07+00	2021-04-20 18:50:07+00
248	ANTONIO MAGALHAES	 	TOINHO MAGALHAES	(83) 99975-4829	2021-04-21 11:55:39+00	2021-04-21 11:55:39+00
249	ALDEONE ABRANTES BATISTA	 	ALDEONE DE ALCIONE	(83) 99698-3830	2021-04-23 19:48:01+00	2021-04-24 11:36:13+00
250	VICENTE GOMES SARMENTO	 	VICENTE DO MERCADO 	(83) 98173-8645	2021-04-26 12:24:04+00	2021-04-26 12:24:04+00
251	ROBERSON	 	ROBERSON DO BANCO	(83) 99603-4943	2021-04-26 17:14:45+00	2021-04-26 17:14:45+00
252	JOSE GUILHERME	 	JOSE GUILHERME	(84) 99638-2173	2021-04-26 17:22:24+00	2021-04-26 17:22:24+00
253	FRANCISCA VALENTIN DUARTE MARTINS	 	LOURA MAE DE TATA	(84) 99646-6448	2021-04-28 13:56:19+00	2021-04-28 13:56:19+00
256	FRANCISCO PEREIRA FILHO	 	CHICO CHURRASCARIA	(83) 99828-1304	2021-05-03 11:36:12+00	2021-05-03 11:36:12+00
254	FRANCINETE MARIA DA CONCEIÇÃO	 	FRANCINETE	(99) 99999-9999	2021-04-30 13:31:09+00	2021-05-03 11:43:08+00
257	ALINE VIEIRA	 	ALINE VIEIRA	(83) 99123-8196	2021-05-03 11:46:43+00	2021-05-03 11:46:43+00
258	NINA	 	BARTOM 	(83) 99999-9999	2021-05-03 12:11:35+00	2021-05-03 12:11:35+00
259	ZELHINHA	 	ZELHINHA	(83) 99345-1308	2021-05-03 12:23:08+00	2021-05-03 12:23:08+00
260	LUIZ FERNANDO DA FONSECA SOBREIRA	 	LUIZ FERNANDO	(82) 99691-9771	2021-05-03 13:32:47+00	2021-05-03 13:32:47+00
261	MARTINS DE BETINHA	 	MARTINS DE BETINHA	(83) 99348-3682	2021-05-04 11:19:22+00	2021-05-04 11:19:22+00
262	VINO PINTOR	 	VINO PINTOR	(83) 99999-9999	2021-05-04 13:00:03+00	2021-05-04 13:00:03+00
263	FRANCISCO DUARTE	 	FRANCISCO DA NEO LINE	(83) 99856-7409	2021-05-04 13:50:04+00	2021-05-04 13:50:04+00
264	PINGO DAGUA 	 	PINGO DAGUA	(83) 99938-9894	2021-05-04 16:52:21+00	2021-05-04 16:52:21+00
265	NETA FREITAS	 	NETA IRMA DE CARNERINHO	(83) 99307-0793	2021-05-05 14:11:39+00	2021-05-05 14:11:39+00
266	ADELITON	 	ADEITON DA SILVA ARAUJO	(83) 99397-1207	2021-05-06 18:05:43+00	2021-05-06 18:05:43+00
267	ATACADÃO DA MODA	 	LOJA ATACADÃO DA MODA 	(83) 99833-9477	2021-05-06 19:02:33+00	2021-05-06 19:02:33+00
268	RENATA CONTADORA	 	RENATA CONTADORA	(83) 99149-7914	2021-05-06 21:53:33+00	2021-05-06 21:53:33+00
269	JOSE FAUSTINO	 	CACHORRAO	(84) 99834-4260	2021-05-08 11:30:42+00	2021-05-08 11:30:42+00
270	FELIPE OLIVEIRA	 	FELIPE DA FARMACIA	(83) 98159-6391	2021-05-10 11:59:08+00	2021-05-10 11:59:08+00
271	ADRIANO DO SINDICATO	 	ADRIANO DO SINDICATO	(83) 99609-4906	2021-05-10 12:17:51+00	2021-05-10 12:17:51+00
272	ANA CLAUDIA	 	ANINHA FS MOVEIS 	(84) 99902-7833	2021-05-10 14:42:56+00	2021-05-10 14:42:56+00
273	DALEIDE 	 	DALEIDE 	(83) 99965-3164	2021-05-11 21:07:50+00	2021-05-11 21:07:50+00
274	ANA CLAUDIA(PRIMA)	 	ANA CLAUDIA(PRIMA)	(83) 99355-0255	2021-05-13 17:12:07+00	2021-05-13 17:12:07+00
275	CARLOS MOREIRA	 	CARLOS TRABALHA CLEDNA	(83) 99176-5841	2021-05-14 16:22:52+00	2021-05-14 16:22:52+00
276	DELZIMAR	 	DELZA	(83) 99936-0680	2021-05-15 13:19:19+00	2021-05-15 13:19:19+00
278	JFL ALARMES	 	JFL ALARMES	(83) 99999-9999	2021-05-17 21:55:37+00	2021-05-17 21:55:37+00
279	GIULIANO FREITAS	 	DR. GIULIANO DENTISTA	(84) 99955-7608	2021-05-19 14:56:19+00	2021-05-19 14:56:19+00
280	DENIS PINHEIRO	 	DR DENIS 	(83) 99805-3131	2021-05-20 16:20:30+00	2021-05-20 16:20:30+00
281	JOÃO BATISTA ALVES 	 	JOÃO BATISTA ALVES 	(83) 99103-9326	2021-05-20 19:11:40+00	2021-05-20 19:11:40+00
282	JOÃO BATISTA ALVES DE ANDRADE	 	JOAO BATISTA 	(83) 99103-9326	2021-05-20 19:16:09+00	2021-05-20 19:16:09+00
283	NAILTON JUVANA MOVEIS  	 	NAILTON JUVANA MOVEIS 	(83) 99951-7037	2021-05-20 19:18:32+00	2021-05-20 19:19:43+00
284	JOAO BATISTA JORUM	 	J BATISTA FORUM 	(83) 99103-9326	2021-05-20 20:43:43+00	2021-05-20 20:43:43+00
285	JULIO BRASIL	 	JULIO BRASIL	(83) 99999-1967	2021-05-24 12:51:29+00	2021-05-24 12:51:29+00
286	GEOVANE PINHEIRO	 	GEOVANE PINHEIRO	(83) 99860-4966	2021-05-25 11:01:39+00	2021-05-25 11:01:39+00
287	PAULO DESCONTAO	 	PAULO DESCONTAO	(83) 99814-8225	2021-05-25 14:44:34+00	2021-05-25 14:44:34+00
288	SUILY SOUTO	 	SUILY SOUTO	(84) 99623-7661	2021-05-26 12:14:57+00	2021-05-26 12:14:57+00
\.


--
-- Data for Name: collaborators; Type: TABLE DATA; Schema: public; Owner: postgres
--

COPY public.collaborators (id, name, cpf, rg, contato, password, cargo, created_at, updated_at) FROM stdin;
1	JOAO BOSCO JUNIOR	069.216.074-45	3477346	(83) 8133-7330	digisat1914	\N	2021-03-22 01:59:35+00	2021-03-22 01:59:35+00
2	JOSE PEDRO OLIVEIRA CRUZ	104.576.344-64	3654303	(83) 8126-3570	digisat1914	\N	2021-03-22 01:59:35+00	2021-03-22 01:59:35+00
3	FRANCISCO RODRIGUES DE FREITAS	106.806.884-12	3886576	(83) 9800-0940	digisat1914	\N	2021-03-22 01:59:35+00	2021-03-22 01:59:35+00
4	WELLINGTON FERNANDES DA COSTA	103.779.084-79	\N	(83) 9333-6754	digisat1914	\N	2021-03-22 01:59:35+00	2021-03-22 01:59:35+00
\.


--
-- Data for Name: ordens_services; Type: TABLE DATA; Schema: public; Owner: postgres
--

COPY public.ordens_services (id, client_id, colaborator_id, adress_id, service_id, data, hora, tempo, obs, status, created_at, updated_at) FROM stdin;
1	2	1	2	10	01/09/2020	15:30	30	NAO ESTA ABRINDO A FECHADURA	\N	2021-03-22 01:59:39+00	2021-03-22 01:59:39+00
3	54	3	54	5	06/10/2020	14:00	30	INSTALAR MULTIPONTO	\N	2021-03-22 01:59:39+00	2021-03-22 01:59:39+00
4	55	3	55	6	06/10/2020	14:00	30	INSTALAR SKY PRE PAGO	\N	2021-03-22 01:59:39+00	2021-03-22 01:59:39+00
7	1	3	1	3	02/09/2020	07:30	30	INSTALACAO DE UM VIDEO PORTEIRO INTELBRAS COM FECHO ELETRONICO	\N	2021-03-22 01:59:39+00	2021-03-22 01:59:39+00
8	4	2	4	7	10/09/2020	08:30	30	AJUSTAR O PORTAO PARA INSTALAR MOTOR, PORTAO ESTA PEGANDO NO TRILHO. 	\N	2021-03-22 01:59:39+00	2021-03-22 01:59:39+00
479	275	3	269	13	17/05/2021	10:00	30	ESCALADA - RECEPTOR ENERGY HD 	executed	2021-05-17 11:40:27+00	2021-05-17 14:20:48+00
487	251	3	245	13	17/05/2021	09:30	30	ESCALADA - RECEPTOR ENERGY HD 	executed	2021-05-17 12:05:19+00	2021-05-17 16:24:48+00
11	14	1	14	13	11/09/2020	08:00	30	ATUALIZAR GOSAT PLUS	\N	2021-03-22 01:59:39+00	2021-03-22 01:59:39+00
12	16	1	16	8	11/09/2020	14:00	30	MOTOR DZ NANO DA ROSSI. CREMALHEIRA BATEU NO MOTOR E O MOTOR PAROU DE FUNCIONAR. LEVAR CREMALHEIRA, CAPACITOR E PLACA ROSSI. 	\N	2021-03-22 01:59:39+00	2021-03-22 01:59:39+00
14	18	3	18	13	12/09/2020	08:00	30	SINAL BAIXO NO MIDIA BOX, ANTENA DIGIMASTER 1,30MT 	\N	2021-03-22 01:59:39+00	2021-03-22 01:59:39+00
15	19	1	19	9	12/09/2020	09:30	30	INSTALAR 2 RAMAIS DE VIDEO PORTEIRO	\N	2021-03-22 01:59:39+00	2021-03-22 01:59:39+00
20	28	3	28	13	22/09/2020	14:30	30	RECEPTOR MÍDIA BOX B3.\n\nIMAGEM CONGELANDO. 	\N	2021-03-22 01:59:39+00	2021-03-22 01:59:39+00
21	24	2	24	7	22/09/2020	14:30	30	LIGAR O MOTOR DE DENTRO, NA FAZENDA NOVA. 	\N	2021-03-22 01:59:39+00	2021-03-22 01:59:39+00
495	261	3	255	13	18/05/2021	10:00	30	CANAL CHIANDO TV PARABOLICA 	canceled	2021-05-17 18:23:57+00	2021-05-18 10:59:25+00
509	176	1	176	8	26/05/2021	08:00	30	INSTALAÇÃO DE MOTOR.	pending	2021-05-20 18:58:31+00	2021-05-20 18:58:31+00
26	33	3	33	13	25/09/2020	10:18	30	RECEPTOR ENERGY HD ESTA SEM SINAL. 	\N	2021-03-22 01:59:39+00	2021-03-22 01:59:39+00
27	35	2	35	4	28/09/2020	08:30	30	\N	\N	2021-03-22 01:59:39+00	2021-03-22 01:59:39+00
28	36	1	36	9	28/09/2020	08:30	30	INSTALAR VIDEIO PORTEIRO, 2 CAMERAS E MUDAR 2 CAMERAS DE POSICAO. 	\N	2021-03-22 01:59:39+00	2021-03-22 01:59:39+00
29	38	3	38	13	28/09/2020	14:00	30	ATUALIZAR O MIDIA BOX, SEM PEGAR A GLOBO.	\N	2021-03-22 01:59:39+00	2021-03-22 01:59:39+00
30	37	2	37	8	30/09/2020	08:30	30	MOTOR ROSSI, PROBLEMA NA PLACA. 	\N	2021-03-22 01:59:39+00	2021-03-22 01:59:39+00
31	43	3	43	13	28/09/2020	15:00	30	ATUALIZAR MIDIA BOX 	\N	2021-03-22 01:59:39+00	2021-03-22 01:59:39+00
32	44	1	44	7	01/10/2020	08:30	30	INSTALAR MOTOR DE PORTAO PIVOTANTE	\N	2021-03-22 01:59:39+00	2021-03-22 01:59:39+00
502	75	3	75	28	20/05/2021	09:00	30	DUAS CAMERAS PARADAS E 1 FALHANDO NO CENTRO MEDICO DE LUIS GOMES	executed	2021-05-19 12:32:29+00	2021-05-21 20:27:09+00
34	45	3	45	13	28/09/2020	16:00	30	PARABOLICA SEM SINAL	\N	2021-03-22 01:59:39+00	2021-03-22 01:59:39+00
36	47	3	47	13	01/10/2020	08:00	30	SEM SINAL - B2 	\N	2021-03-22 01:59:39+00	2021-03-22 01:59:39+00
518	220	1	214	28	28/05/2021	08:00	30	LIGAR CAMERA IP JFL NO SITIO 	pending	2021-05-24 12:19:57+00	2021-05-24 12:19:57+00
38	49	2	49	8	02/10/2020	08:30	30	CREMALHEIRA QUEBRADA	\N	2021-03-22 01:59:39+00	2021-03-22 01:59:39+00
39	50	3	50	13	01/10/2020	10:30	30	ATUALIZAR O AZAMERICA S1007+ 	\N	2021-03-22 01:59:39+00	2021-03-22 01:59:39+00
41	30	2	30	8	03/10/2020	08:30	30	TROCAR TX CAR DO CARRO PARA A MOTO	\N	2021-03-22 01:59:39+00	2021-03-22 01:59:39+00
42	4	1	4	8	03/10/2020	08:30	30	O MOTOR ESTÁ ABRINDO SOZINHO.	\N	2021-03-22 01:59:39+00	2021-03-22 01:59:39+00
43	53	2	53	8	05/10/2020	08:30	30	MOTOR ESTÁ TRAVADO.	\N	2021-03-22 01:59:39+00	2021-03-22 01:59:39+00
44	42	1	42	7	14/10/2020	08:30	30	INSTALAR MOTOR SEMI INDUSTRIAL 	\N	2021-03-22 01:59:39+00	2021-03-22 01:59:39+00
45	58	2	58	3	14/10/2020	08:30	30	INSTALACAO DE CERCA ELETRICA + CONCERTINA 30CM 	\N	2021-03-22 01:59:39+00	2021-03-22 01:59:39+00
46	59	4	59	3	13/10/2020	16:00	30	ORCAMENTO CERCA ELETRICA 	\N	2021-03-22 01:59:39+00	2021-03-22 01:59:39+00
527	286	3	280	6	25/05/2021	14:00	30	INSTALAR RECEPTOR GATO. 	executed	2021-05-25 11:02:55+00	2021-05-25 18:57:04+00
51	65	3	65	13	19/08	08:30	30	OLHA SINAL 	\N	2021-03-22 01:59:39+00	2021-03-22 01:59:39+00
52	68	1	68	9	19/10/2020	14:00	30	LIGAR PORTEIRO ELETRONICO	\N	2021-03-22 01:59:39+00	2021-03-22 01:59:39+00
53	69	3	69	13	19/10/2020	13:00	30	OLHAR SINAL DO TOCOMBOX SOCCED HD 	\N	2021-03-22 01:59:39+00	2021-03-22 01:59:39+00
54	70	3	70	13	20/10/2020	13:00	30	OLHAR SINAL DE SISTEMA KU, LEVAR LNB	\N	2021-03-22 01:59:39+00	2021-03-22 01:59:39+00
57	73	2	73	8	22/10/2020	15:30	30	MOTOR ENGANCHANDO NA PARTIDA, TALVEZ SEJA A ENGRENAGEM INTERNA, PORTAO ESTA PESADO. 	\N	2021-03-22 01:59:39+00	2021-03-22 01:59:39+00
58	74	3	74	13	24/10/2020	08:30	30	OLHAR SINAL ANTENA, FUGINDO IMAGEM. 	\N	2021-03-22 01:59:39+00	2021-03-22 01:59:39+00
64	81	1	81	3	03/11/2020	08:30	30	INSTALAR CERCA ELETRICA 	\N	2021-03-22 01:59:39+00	2021-03-22 01:59:39+00
65	77	1	77	7	03/11/2020	08:30	30	INSTALAR MOTOR ROSSI 	\N	2021-03-22 01:59:39+00	2021-03-22 01:59:39+00
68	78	2	78	7	03/11/2020	08:30	30	INSTALAR MOTOR DZ ATTO ROSSI. TEM QUE SERRAR A PAREDE PRA PASSAR A CREMALHEIRA. 	\N	2021-03-22 01:59:39+00	2021-03-22 01:59:39+00
69	2	1	2	10	05/11/2020	08:30	30	FECHADURA TRAVOU	\N	2021-03-22 01:59:39+00	2021-03-22 01:59:39+00
70	85	1	85	4	03/11/2020	08:30	30	ARAME FOLGADOS, NAO ESTA DISPARANDO. 	\N	2021-03-22 01:59:39+00	2021-03-22 01:59:39+00
73	87	1	87	10	04/11/2020	16:00	30	VIDEO PORTEIRO ESTA SEM FUNCIONAR. 	\N	2021-03-22 01:59:39+00	2021-03-22 01:59:39+00
75	89	3	89	6	06/11/2020	08:30	30	RETIRAR E INSTALAR EM NOVO ENDERECO TOCOMBOX ENERGY HD	\N	2021-03-22 01:59:40+00	2021-03-22 01:59:40+00
76	58	1	58	7	11/11/2020	08:30	30	INSTALAR MOTOR DZ ATTO	\N	2021-03-22 01:59:40+00	2021-03-22 01:59:40+00
480	138	1	138	8	17/05/2021	09:00	30	CONFIGURAR CONTROLE	executed	2021-05-17 11:42:49+00	2021-05-17 18:16:48+00
496	278	4	272	22	21/05/2016	14:50	30	WEB CONFERENCIA - CURSO CENTRAL CONVENCIONAL 	pending	2021-05-17 21:56:31+00	2021-05-17 21:56:31+00
81	93	1	93	10	06/11/2020	13:30	30	FECHADURA ELETRICA SEM ABRIR NA CHAVE POR DENTRO	\N	2021-03-22 01:59:40+00	2021-03-22 01:59:40+00
82	75	4	75	5	09/11/2020	14:30	30	OLHAR ANTENA PARABOLICA PARA INSTALAR 4 MIDIA BOX 	\N	2021-03-22 01:59:40+00	2021-03-22 01:59:40+00
84	94	3	94	6	10/11/2020	08:30	30	LIGAR RECEPTOR CINE BOX 	\N	2021-03-22 01:59:40+00	2021-03-22 01:59:40+00
85	96	3	96	13	11/11/2020	08:30	30	SINTONIZAR SINAL DA OI TV 	\N	2021-03-22 01:59:40+00	2021-03-22 01:59:40+00
86	16	2	16	8	11/11/2020	14:30	30	MOTOR ROSSI - SO ABRI NAO FECHA. 	\N	2021-03-22 01:59:40+00	2021-03-22 01:59:40+00
503	208	3	202	13	19/05/2021	14:00	30	RECPTOR 'OI TV ' SEM PEGAR.\n	executed	2021-05-19 14:00:04+00	2021-05-19 18:42:12+00
89	98	2	98	8	13/11/2020	08:30	30	MOTOR SEM FORCA	\N	2021-03-22 01:59:40+00	2021-03-22 01:59:40+00
92	39	1	39	10	17/11/2020	08:30	30	SEM AUDIO 	\N	2021-03-22 01:59:40+00	2021-03-22 01:59:40+00
94	100	1	100	17	17/11/2020	14:30	30	ALARME COM PROBLEMA	\N	2021-03-22 01:59:40+00	2021-03-22 01:59:40+00
95	101	1	101	10	19/11/2020	08:30	30	OLHAR PORTEIRO MESTRE 	\N	2021-03-22 01:59:40+00	2021-03-22 01:59:40+00
96	102	3	102	13	18/11/2020	14:00	30	INSTALAR TV 	\N	2021-03-22 01:59:40+00	2021-03-22 01:59:40+00
97	103	3	103	13	18/11	15:300	30	PARABOLICA.	\N	2021-03-22 01:59:40+00	2021-03-22 01:59:40+00
98	104	2	104	10	19/11/2020	08:30	30	ESTA CHAMANDO DIRETO. 	\N	2021-03-22 01:59:40+00	2021-03-22 01:59:40+00
99	105	3	105	6	20/11/2020	15:00	30	INSTALAÇÃO 02 ANTENAS.                                                                             \nLEVA AS ANTENAS DA LOJA (USADAS).\nLEVA SUPORTE PARA TV	\N	2021-03-22 01:59:40+00	2021-03-22 01:59:40+00
100	106	3	106	13	20/11/2020	08:30	30	SINAL DA OI TV 	\N	2021-03-22 01:59:40+00	2021-03-22 01:59:40+00
101	107	3	107	13	20/11/2020	16:00	30	OLHAR SINAL DE TV RECEPTOR CINE BOX FANTASYA DUO	\N	2021-03-22 01:59:40+00	2021-03-22 01:59:40+00
102	108	3	108	5	21/11/2020	08:30	30	REINSTALACAO NOVO ENDERECO - RETIRAR E INSTALAR. LEVAR FIO. 	\N	2021-03-22 01:59:40+00	2021-03-22 01:59:40+00
104	111	4	111	18	24/11/2020	14:30	30	ORCAMENTO CAMERAS E VIDEO PORTEIRO	\N	2021-03-22 01:59:40+00	2021-03-22 01:59:40+00
105	110	3	110	13	24/11/2020	10:30	30	SINAL ANTENA BANDA KU - RECEPTOR EUROSAT E SINTONIZAR RECETOR ANALOGICO PARABOLICA - LEVAR CABO DE FORCA DE PC	\N	2021-03-22 01:59:40+00	2021-03-22 01:59:40+00
510	283	1	277	8	21/05/2021	08:00	30	VER MOTOR	executed	2021-05-20 19:20:18+00	2021-05-21 13:29:43+00
519	39	1	39	10	24/05/2021	07:30	30	OLHAR VIDEO PORTEIRO 	pending	2021-05-24 12:21:03+00	2021-05-24 12:21:03+00
108	112	3	112	13	25/11/2020	15:00	30	TV SEM CONEXAO - CS	\N	2021-03-22 01:59:40+00	2021-03-22 01:59:40+00
109	113	1	113	8	25/11/2020	17:00	30	CREMALHEIRA QUEBROU	\N	2021-03-22 01:59:40+00	2021-03-22 01:59:40+00
111	11	3	11	13	26/11/2020	14:00	30	OLHA RECEPTOR CENTURY.\nRECEPTOR DO QUARTO DE RICARDO.	\N	2021-03-22 01:59:40+00	2021-03-22 01:59:40+00
112	130	3	130	13	28/11/2020	08:00	30	RECEPTOR MIDIA BOX DESPROGRAMADO.	\N	2021-03-22 01:59:40+00	2021-03-22 01:59:40+00
114	116	3	116	13	01/12/2020	08:30	30	OLHAR SINAL DE ANTENA PARABOLICA EM NIM DE CHICO NESTOR NAS PLACAS - LEVAR LNB 	\N	2021-03-22 01:59:40+00	2021-03-22 01:59:40+00
115	117	3	117	13	03/12/2020	14:00	30	OLHA RECPTORES	\N	2021-03-22 01:59:40+00	2021-03-22 01:59:40+00
528	287	3	281	6	25/05/2021	13:00	30	MUDANCA DE LOCAL DA ANTENA 	executed	2021-05-25 14:50:05+00	2021-05-25 19:22:34+00
118	119	2	119	17	05/12/2020	09:00	30	CONFIGURAR CONTROLE REMOTO NA CENTRAL GENNO	\N	2021-03-22 01:59:40+00	2021-03-22 01:59:40+00
123	124	3	124	6	10/12/2020	08:30	30	INSTALAR 02 ANTENAS - RECEPTOR ALPHASAT TX	\N	2021-03-22 01:59:40+00	2021-03-22 01:59:40+00
124	125	3	125	19	10/11/2020	08:30	30	\N	\N	2021-03-22 01:59:40+00	2021-03-22 01:59:40+00
126	125	3	125	19	10/12/2020	12:00	30	\N	\N	2021-03-22 01:59:40+00	2021-03-22 01:59:40+00
129	129	1	129	8	14/12/2020	15:00	30	\N	\N	2021-03-22 01:59:40+00	2021-03-22 01:59:40+00
131	131	1	131	7	23/12/2020	08:30	30	MOTOR DZ NANO DA ROSSI	\N	2021-03-22 01:59:40+00	2021-03-22 01:59:40+00
133	134	3	134	13	15/12/2020	10:30	30	SINAL ANTENA PARABOLICA RECEPTOR ANALOGICO	\N	2021-03-22 01:59:40+00	2021-03-22 01:59:40+00
136	136	3	136	5	17/12/2020	08:00	30	INSTALAR ANTENA PARABOLICA - LEVAR MULTIPONTO E DIVISOR	\N	2021-03-22 01:59:40+00	2021-03-22 01:59:40+00
137	137	1	137	8	17/12/2020	14:30	30	IMA SOLTOU	\N	2021-03-22 01:59:40+00	2021-03-22 01:59:40+00
138	138	1	138	8	17/12/2020	16:00	30	MOTOR BASCULANTE DISPROGRAMADO	\N	2021-03-22 01:59:40+00	2021-03-22 01:59:40+00
140	140	3	140	13	21/12/2020	08:30	30	NANO BOX SEM PEGAR ALGUNS CANAIS	\N	2021-03-22 01:59:40+00	2021-03-22 01:59:40+00
141	63	1	63	7	22/12/2020	08:30	30	INSTALAR MOTOR RZ RIO JET FLEX 600	\N	2021-03-22 01:59:40+00	2021-03-22 01:59:40+00
142	11	3	11	13	23/12/2020	15:00	30	NA CASA DO PAI DE RICARDO\n	\N	2021-03-22 01:59:40+00	2021-03-22 01:59:40+00
143	139	3	139	13	26/12/2020	07:30	30	\N	\N	2021-03-22 01:59:40+00	2021-03-22 01:59:40+00
144	74	3	74	13	28/12/2020	10:19	30	OLHAR ANTENA	\N	2021-03-22 01:59:40+00	2021-03-22 01:59:40+00
145	30	3	30	6	28/12/2020	08:30	30	INSTALAR ANTENA NO SITIO	\N	2021-03-22 01:59:40+00	2021-03-22 01:59:40+00
147	109	3	109	13	02/01/2021	08:30	30	RECEPTOR SEM SINAL	\N	2021-03-22 01:59:40+00	2021-03-22 01:59:40+00
150	143	4	143	18	04/01/2021	14:30	30	ORÇAMENTO CAMERAS	\N	2021-03-22 01:59:40+00	2021-03-22 01:59:40+00
152	24	2	24	16	08/01/2021	08:30	30	INSTALAR AS CAMERAS QUE FALTA E O SISTEMA DE ALARME	\N	2021-03-22 01:59:40+00	2021-03-22 01:59:40+00
153	145	3	145	13	05/01/2021	15:30	30	LIGAR RECEPTOR TV 	\N	2021-03-22 01:59:40+00	2021-03-22 01:59:40+00
154	81	1	81	4	08/01/2021	08:30	30	COLOCAR CENTRAL DE CHOQUE E AJEITAR UM ARAME QUE FOLGOU. 	\N	2021-03-22 01:59:40+00	2021-03-22 01:59:40+00
155	27	1	27	8	07/01/2021	08:30	30	COLOCAR PLACA NO MOTOR DO PORTAO	\N	2021-03-22 01:59:40+00	2021-03-22 01:59:40+00
156	146	2	146	8	05/01/2021	15:30	30	OLHAR MOTOR DE PORTAO	\N	2021-03-22 01:59:40+00	2021-03-22 01:59:40+00
157	147	3	147	13	06/01/2021	13:00	30	ATUALIZAR MIDIA BOX PEGAR A GLOBO	\N	2021-03-22 01:59:40+00	2021-03-22 01:59:40+00
158	101	2	101	7	09/01/2021	08:30	30	OLHAR PORTAO PARA INSTALAR MOTOR	\N	2021-03-22 01:59:40+00	2021-03-22 01:59:40+00
159	148	4	148	18	08/01/2021	09:00	30	ORCAMENTO SISTEMA DE CAMERAS	\N	2021-03-22 01:59:40+00	2021-03-22 01:59:40+00
481	23	3	23	28	17/05/2021	14:00	30	03 CAMERAS SEM PEGAR 	executed	2021-05-17 11:44:40+00	2021-05-18 12:20:51+00
162	124	3	124	5	14/01/2021	08:30	30	INSTALAR NANO BOX NO SAO DIOGO	\N	2021-03-22 01:59:40+00	2021-03-22 01:59:40+00
163	152	3	152	6	18/01/2021	08:30	30	TRANSFERENCIA DE ANTENA	\N	2021-03-22 01:59:40+00	2021-03-22 01:59:40+00
489	27	1	27	4	18/05/2021	09:00	30	HASTE DE PASSAGEM QUEBROU.	executed	2021-05-17 12:08:20+00	2021-05-19 11:37:00+00
166	131	2	131	7	20/01/2021	08:30	30	INSTALAR MOTOR DZ NANO	\N	2021-03-22 01:59:40+00	2021-03-22 01:59:40+00
167	30	3	30	13	20/01/2021	16:00	30	LIGAR RECEPTOR	\N	2021-03-22 01:59:40+00	2021-03-22 01:59:40+00
168	155	1	155	10	20/01/2021	13:00	30	OLHAR INTERFONE, VER SE DA CERTO PRA INSTALAR UM NOVO	\N	2021-03-22 01:59:40+00	2021-03-22 01:59:40+00
169	156	2	156	8	20/01/2021	13:00	30	OLHAR MOTOR DE PORTAO, SO ESTA INDO PRA UM LADO. 	\N	2021-03-22 01:59:40+00	2021-03-22 01:59:40+00
170	157	1	157	8	22/01/2021	08:30	30	SENSOR FIM DE CURSO	\N	2021-03-22 01:59:40+00	2021-03-22 01:59:40+00
511	284	1	278	10	24/05/2021	08:30	30	OLHAR VIDEO PORTEIRO, NAO ABRE FECHADURA. 	pending	2021-05-20 20:44:44+00	2021-05-20 20:44:44+00
504	279	1	273	8	21/05/2021	08:00	30	MANUTENÇÃO DE MOTOR DE PORTÃO( ROSSI NANO 36) LEVAR CREMALHEIRA.\nMANUTENÇÃO CERCA ELETRICA.	executed	2021-05-19 15:04:39+00	2021-05-21 20:26:39+00
175	160	3	160	13	25/01/2021	13:00	30	ATUALIZAR AZAMERICA S1005	\N	2021-03-22 01:59:40+00	2021-03-22 01:59:40+00
176	161	3	161	6	25/01/2021	13:30	30	INSTALAR ANTENA USADA SKY	\N	2021-03-22 01:59:40+00	2021-03-22 01:59:40+00
178	101	1	101	7	28/01/2021	08:30	30	INSTALAR MOTOR DZ ATTO ROSSI	\N	2021-03-22 01:59:40+00	2021-03-22 01:59:40+00
179	27	2	27	8	28/01/2021	08:30	30	MOTOR PAROU. 	\N	2021-03-22 01:59:40+00	2021-03-22 01:59:40+00
181	162	3	162	6	27/01/2021	15:30	30	INSTALAÇÃO DE  ANTENA KU.\nRECPTOR: AZAMERICA CHANPION .	\N	2021-03-22 01:59:41+00	2021-03-22 01:59:41+00
182	163	3	163	13	28/01/2021	16:30	30	ATUALIZAR RECEPTOR E FAZER BUSCA DO BBB	\N	2021-03-22 01:59:41+00	2021-03-22 01:59:41+00
183	85	4	85	18	28/01/2021	15:00	30	ORCAMENTO SISTEMA DE CAMERAS E MANUTENCAO EM PORTAO	\N	2021-03-22 01:59:41+00	2021-03-22 01:59:41+00
184	124	3	124	6	28/01/2021	13:00	30	SINAL ANTENA	\N	2021-03-22 01:59:41+00	2021-03-22 01:59:41+00
185	116	3	116	6	29/01/2021	13:00	30	INSTALAR SISTEMA 01 ANTENA EM SAO JOAO BOSCO	\N	2021-03-22 01:59:41+00	2021-03-22 01:59:41+00
187	165	1	165	4	29/01/2021	16:00	30	CONTROLE REMOTO SEM PEGAR	\N	2021-03-22 01:59:41+00	2021-03-22 01:59:41+00
188	71	1	71	9	01/02/2021	09:00	30	INSTALAR PORTEIRO ELETRONICO	\N	2021-03-22 01:59:41+00	2021-03-22 01:59:41+00
189	166	3	166	13	02/02/2021	14:00	30	ANTENA PARABOLICA SEM SINAL	\N	2021-03-22 01:59:41+00	2021-03-22 01:59:41+00
529	174	4	174	13	26/05/2021	09:00	30	TROCAR TV 	executed	2021-05-26 11:34:43+00	2021-05-26 13:41:32+00
191	167	2	167	8	03/02/2021	13:00	30	MOTOR ROSSI PARADO 	\N	2021-03-22 01:59:41+00	2021-03-22 01:59:41+00
193	163	3	163	13	03/02/2021	16:00	30	TROCAR TV DE LOCAL 	\N	2021-03-22 01:59:41+00	2021-03-22 01:59:41+00
194	35	1	35	4	04/02/2021	08:30	30	BOTAR ISOLADOR NA PAREDE PRA NAO PASSAR RATO	\N	2021-03-22 01:59:41+00	2021-03-22 01:59:41+00
196	60	2	60	4	04/02/2021	17:00	30	CERCA SOLTANDO FAISCA	\N	2021-03-22 01:59:41+00	2021-03-22 01:59:41+00
198	113	2	113	8	05/02/2021	10:00	30	TROCAR CREMALHEIRA	\N	2021-03-22 01:59:41+00	2021-03-22 01:59:41+00
199	168	1	168	8	05/02/2021	08:30	30	MOTOR ESTA PULANDO, TALVEZ SEJA PROBLEMA NA CREMALHEIRA	\N	2021-03-22 01:59:41+00	2021-03-22 01:59:41+00
201	111	3	111	4	04/02/2021	13:00	30	RETIRAR CENTRAL DE CHOQUE PARA FAZER TESTE - ESTA DIPARANDO TODO DIA AS 6;00 DA MANHA. 	\N	2021-03-22 01:59:41+00	2021-03-22 01:59:41+00
202	1	1	1	10	08/02/2021	13:00	30	OLHAR INTERFONE DA ENTRADA QUE TA PARADO, LEVAR UM NOVO. 	\N	2021-03-22 01:59:41+00	2021-03-22 01:59:41+00
203	169	3	169	5	09/02/2021	08:00	30	RECEPTOR ANALOGICO	\N	2021-03-22 01:59:41+00	2021-03-22 01:59:41+00
204	170	3	170	13	09/02/2021	14:00	30	PARABOLICA SEM SINAL	\N	2021-03-22 01:59:41+00	2021-03-22 01:59:41+00
205	171	1	171	4	09/02/2021	14:00	30	REVISAR CERCA ELETRICA E CAMERAS 	\N	2021-03-22 01:59:41+00	2021-03-22 01:59:41+00
206	172	3	172	5	10/02/2021	08:30	30	INSTALAR ANTENA PARABOLICA 	\N	2021-03-22 01:59:41+00	2021-03-22 01:59:41+00
207	173	1	173	8	11/02/2021	08:00	30	DEIXAR 02 CONTROLES DO MOTOR	\N	2021-03-22 01:59:41+00	2021-03-22 01:59:41+00
210	81	1	81	7	20/02/2021	08:00	30	\N	\N	2021-03-22 01:59:41+00	2021-03-22 01:59:41+00
211	174	3	174	13	11/02/2021	10:00	30	OLHAR MIDIA BOX 	\N	2021-03-22 01:59:41+00	2021-03-22 01:59:41+00
215	163	3	163	13	13/02/2021	08:00	30	TV DA CASA DE JAILMA TA SEM PEGAR - LIGAR PRA PETA 	\N	2021-03-22 01:59:41+00	2021-03-22 01:59:41+00
216	176	1	176	8	19/02/2021	08:00	30	MOTOR ESTA TRAVANDO AO FECHAR. 	\N	2021-03-22 01:59:41+00	2021-03-22 01:59:41+00
217	27	1	27	8	19/02/2021	14:00	30	TROCAR PLACA DO MOTOR PPA DZ HOME 	\N	2021-03-22 01:59:41+00	2021-03-22 01:59:41+00
219	177	1	177	8	18/02/2021	13:00	30	MOTOR TA PARTINDO E NAO ABRI	\N	2021-03-22 01:59:41+00	2021-03-22 01:59:41+00
220	178	3	178	13	18/02/2021	14:00	30	SINAL DA OI TV 	\N	2021-03-22 01:59:41+00	2021-03-22 01:59:41+00
224	10	1	10	4	19/02/2021	08:30	30	COLOCAR BATERIA NA CENTRAL	\N	2021-03-22 01:59:41+00	2021-03-22 01:59:41+00
225	180	4	180	18	19/02/2021	10:00	30	ORCAMENTO MANUTENCAO DE CAMERAS 	\N	2021-03-22 01:59:41+00	2021-03-22 01:59:41+00
227	182	3	182	13	19/02/2021	14:00	30	LIGAR AS TVS QUE CHEGOU DO CONSERTO	\N	2021-03-22 01:59:41+00	2021-03-22 01:59:41+00
491	195	3	189	13	17/05/2021	15:00	30	OLHAR SINAL TV'S (POUSADA)	executed	2021-05-17 12:22:26+00	2021-05-17 18:16:26+00
482	11	1	11	8	17/05/2021	11:00	30	RETIRAR MOTOR PRA FAZER LIMPEZA E TIRAR BARULHO 	executed	2021-05-17 11:46:06+00	2021-05-18 13:46:44+00
505	183	3	183	23	19/05/2021	16:00	30	INSTALAR TV 	executed	2021-05-19 17:00:24+00	2021-05-20 11:01:28+00
474	233	1	227	26	19/05/2021	08:00	30	INSTALACAO 04 CAMERAS DVR 04 CANAL 	executed	2021-05-17 11:28:10+00	2021-05-20 20:45:42+00
238	186	3	186	13	27/03/2021	08:00	30	SINAL BAIXO 	\N	2021-03-23 13:13:22+00	2021-03-23 13:13:22+00
512	219	3	213	26	25/05/2021	09:00	30	INSTALAR 04 CAMERAS E CONECTAR DVR NA INTERNET	pending	2021-05-20 20:54:54+00	2021-05-20 20:54:54+00
250	196	1	190	10	27/03/2021	08:00	30	TROCAR FECHADURA ELETRICA	canceled	2021-03-25 20:13:05+00	2021-04-05 21:09:07+00
521	211	2	205	22	28/05/2021	14:00	30	INSTALAR FECHADURA ELETROIMA INTELBRAS	pending	2021-05-24 12:27:23+00	2021-05-24 12:27:23+00
530	288	2	282	8	27/05/2021	14:00	30	LEVAR CREMALHEIRA 	pending	2021-05-26 12:16:34+00	2021-05-26 12:16:34+00
248	194	3	188	13	26/03/2021	08:00	30	OLHAR SINAL DO MIDIA BOX 	executed	2021-03-25 18:54:15+00	2021-04-05 12:56:54+00
249	195	3	189	13	26/03/2021	08:00	30	OLHAR PARABOLICA DA POUSADA	executed	2021-03-25 19:20:42+00	2021-04-05 12:57:16+00
231	31	3	31	22	26/03/2021	08:30	30	ORGANIZAR FIACAO DA PARABOLICA 	executed	2021-03-23 12:33:42+00	2021-04-05 12:57:46+00
243	111	2	111	4	30/03/2021	08:00	30	INSTALAR CENTRAL DE CHOQUE	executed	2021-03-23 13:29:36+00	2021-04-16 19:56:08+00
245	131	3	131	13	25/03/2021	08:00	30	PASSAR FIO DE INTERNET	executed	2021-03-24 13:43:54+00	2021-04-06 11:51:42+00
232	75	3	75	5	24/03/2021	08:30	30	INSTALAR MIDIA BOX B4 NA PREFEITURA	executed	2021-03-23 12:34:21+00	2021-04-06 11:52:21+00
239	187	1	187	4	24/03/2021	08:00	30	ORÇAMENTO	executed	2021-03-23 13:22:18+00	2021-04-06 11:52:34+00
218	164	4	164	18	21/02/2021	09:00	30	VER LOCAL PARA INSTALAR CAMERAS 	executed	2021-03-22 01:59:41+00	2021-04-06 11:53:05+00
223	34	2	34	4	23/02/2021	08:00	30	CENTRAL NAO TA PEGANDO. 	executed	2021-03-22 01:59:41+00	2021-04-06 11:53:17+00
251	197	3	191	13	26/03/2021	08:00	30	OLHAR SINAL DA ANTENA PARABOLICA 	executed	2021-03-26 17:11:12+00	2021-04-06 18:46:18+00
256	119	2	119	17	07/04/2021	08:00	30	ALARME ESTA DISPARANDO E SEM FUNCIONAR A BATERIA	executed	2021-04-06 12:05:49+00	2021-04-06 19:46:16+00
255	200	3	194	13	06/04/2021	15:00	30	TROCAR FIO DA ANTENA 	executed	2021-04-06 12:01:07+00	2021-04-07 13:58:52+00
257	165	2	165	4	06/04/2021	10:00	30	SIRENE TA BAIXA	executed	2021-04-06 12:15:59+00	2021-04-07 13:59:56+00
265	205	3	199	13	07/04/2021	15:00	30	TROCAR LNB MONOPONTO - RECEPTOR MIDIA BOX B3	executed	2021-04-07 14:24:06+00	2021-04-07 20:12:22+00
254	199	3	193	13	06/04/2021	14:00	30	SEM SINAL - ANTENA SKY 	canceled	2021-04-06 11:51:15+00	2021-04-08 11:33:18+00
241	113	2	113	8	26/03/2021	08:00	30	TROCAR CREMALHEIRA	executed	2021-03-23 13:26:02+00	2021-04-08 16:29:32+00
221	179	4	179	18	24/02/2021	14:00	30	ORÇAMENTO CERCA ELETRICA COM CONCERTINA	executed	2021-03-22 01:59:41+00	2021-04-08 16:44:34+00
258	201	3	195	13	06/04/2021	16:00	30	SEM SINAL NA OI TV 	executed	2021-04-06 12:20:35+00	2021-04-08 16:48:11+00
235	23	2	23	7	23/03/2021	10:00	30	INSTALAR MOTOR DE PORTAO 	executed	2021-03-23 12:45:55+00	2021-04-09 20:48:40+00
261	203	3	197	13	07/04/2021	08:00	30	MUDAR TV DE LOCAL - QUARTO PRA SALA	executed	2021-04-06 17:46:04+00	2021-04-07 16:57:31+00
266	206	3	200	13	07/04/2021	14:30	30	OLHAR TV	executed	2021-04-07 16:04:05+00	2021-04-07 20:12:53+00
267	207	3	201	13	08/04/2021	14:00	30	SINAL ANTENA KU - RECEPTOR AZAMERICA CHAMPION	executed	2021-04-08 12:38:26+00	2021-04-08 18:09:07+00
272	210	3	204	13	08/04/2021	16:00	30	RECEPTOR GOSAT PLUS - MENSAGEM CANAL CODIFICADO	executed	2021-04-08 17:40:35+00	2021-04-08 19:37:23+00
275	212	3	206	13	08/04/2021	16:30	30	ATUALIZAR RECEPTOR	executed	2021-04-08 18:59:29+00	2021-04-08 20:12:05+00
277	83	3	83	13	09/04/2021	09:00	30	TV SEM PEGAR 	executed	2021-04-09 11:32:55+00	2021-04-09 13:01:44+00
278	213	3	207	13	09/04/2021	13:00	30	ATUALIZAR RECEPTOR	executed	2021-04-09 12:43:41+00	2021-04-09 13:37:59+00
499	267	1	261	28	18/05/2021	11:00	30	TROCAR CABO HDMI 	executed	2021-05-18 14:07:24+00	2021-05-18 16:56:41+00
475	234	1	228	7	19/05/2021	09:00	30	INSTALAR MOTOR DZ ATTO ROSSI 	executed	2021-05-17 11:30:35+00	2021-05-19 11:10:16+00
273	107	3	107	5	09/04/2021	14:00	30	INSTALAR PARABOLICA	executed	2021-04-08 18:25:48+00	2021-04-09 18:40:25+00
483	271	4	265	18	19/05/2021	10:00	30	ORCAMENTO CAMERAS	executed	2021-05-17 11:47:31+00	2021-05-19 18:42:26+00
268	208	2	202	10	09/04/2021	08:00	30	OLHAR INTERFONE	executed	2021-04-08 16:34:57+00	2021-04-09 20:33:01+00
506	280	3	274	8	20/05/2021	16:00	30	CONFIGURAR 02 CONTROLE MOTOR BASCULANTE GAREN	executed	2021-05-20 16:21:19+00	2021-05-20 18:15:46+00
513	25	2	25	3	28/05/2021	09:00	30	CHUMBAR HASTES CERCA ELETRICA E CONCERTINA	pending	2021-05-20 20:55:39+00	2021-05-20 20:55:39+00
522	246	2	240	8	24/05/2021	10:00	30	SEM PEGAR - MOTOR ANTIGO	executed	2021-05-24 12:29:49+00	2021-05-25 10:59:26+00
531	146	2	146	8	27/05/2021	13:00	30	OLHAR MOTOR 	pending	2021-05-26 14:31:05+00	2021-05-26 14:31:05+00
284	195	3	189	13	12/04/2021	08:00	30	SINAL DA POUSADA 02 TV RUIM - CHUVISCANDO	executed	2021-04-10 13:28:53+00	2021-04-12 21:01:00+00
291	221	2	215	8	13/04/2021	14:00	30	COLOCAR PLACA NO MOTOR DZ ATTO ROSSI - LEVAR UM CONTROLE	executed	2021-04-13 16:10:47+00	2021-04-13 20:12:49+00
299	213	3	207	13	13/04/2021	16:30	30	COLOCAR O CAMPEONATO CARIOCA NO RECEPTOR DE CHIQUITO AZAMERICA CHAMPIONS. 	executed	2021-04-13 17:50:52+00	2021-04-13 20:25:31+00
301	204	1	198	7	14/04/2021	08:00	30	\N	executed	2021-04-13 20:27:42+00	2021-04-14 17:05:01+00
302	218	1	212	17	14/04/2021	10:00	30	MUDAR SENSOR DE LOCAL E INSTALAR SIRENE	executed	2021-04-13 20:28:38+00	2021-04-15 13:59:52+00
310	223	3	217	13	15/04/2021	08:30	30	SINAL DA SKY	executed	2021-04-14 13:02:06+00	2021-04-15 17:16:01+00
328	228	3	222	13	15/04/2021	15:00	30	SINAL DA OI TV 	canceled	2021-04-15 13:38:28+00	2021-04-15 17:40:02+00
329	206	3	200	13	15/04/2021	13:00	30	LIGAR RECEPTOR ANALOGICO E PROGRAMAR 	executed	2021-04-15 13:53:53+00	2021-04-15 22:18:21+00
326	224	3	218	13	15/04/2021	13:00	30	OLHA SINAL PARABOLICA \nLEVAR FIO DE PARABOLICA POIS O CLIENTE QUER PASSAR UM NOVO\n( COBREI 40.00 REAIS DO SERVIÇO).	executed	2021-04-15 12:17:58+00	2021-04-15 22:18:35+00
330	229	3	223	13	16/04/2021	08:00	30	SINAL PARABOLICA - MIDIA BOX 	executed	2021-04-15 14:17:40+00	2021-04-16 13:51:31+00
323	168	1	168	22	16/04/2021	09:00	30	OLHA FECHADURA	executed	2021-04-15 12:14:34+00	2021-04-16 16:33:38+00
327	227	3	221	13	16/04/2021	08:30	30	SINAL RECEPTOR CINE BOX FANTASYA +	executed	2021-04-15 12:37:52+00	2021-04-16 16:35:44+00
333	230	3	224	13	16/04/2021	17:00	30	SINAL DA PARABOLICA	executed	2021-04-15 15:00:14+00	2021-04-16 18:59:57+00
338	237	3	231	13	16/04/2021	17:00	30	LIGAR RECEPTOR NANO BOX	executed	2021-04-16 17:29:57+00	2021-04-16 20:17:07+00
314	185	2	185	10	16/04/2021	08:00	30	LIGAR INTERFONE	executed	2021-04-14 22:36:22+00	2021-04-16 20:49:42+00
342	226	3	220	13	17/04/2021	08:30	30	SINAL DA SKY	executed	2021-04-16 20:19:17+00	2021-04-17 13:42:12+00
348	222	3	216	13	20/04/2021	08:00	30	VER RECEPTOR NANO BOX SE ESTÁ PEGANDO.	canceled	2021-04-16 20:41:06+00	2021-04-17 14:57:42+00
336	24	3	24	13	17/04/2021	08:00	30	PAROU DE PEGAR AS TV DA FAZENDA	executed	2021-04-16 13:57:11+00	2021-04-17 15:04:00+00
341	111	1	111	4	19/04/2021	08:30	30	ARROCHAR ARAME E TROCAR BATERIA DA CENTRAL 	executed	2021-04-16 19:56:47+00	2021-04-19 12:14:31+00
345	131	3	131	13	19/04/2021	16:00	30	OLHAR TV PRA INSTALAR INTERNET	executed	2021-04-16 20:34:07+00	2021-04-20 17:17:33+00
351	147	1	147	8	19/04/2021	16:00	30	OLHAR MOTOR	canceled	2021-04-19 13:22:46+00	2021-04-20 17:42:13+00
352	214	3	208	13	20/04/2021	08:00	30	ATUALIZAR FREESKY MAX HD+	executed	2021-04-19 15:33:49+00	2021-04-20 20:29:03+00
350	240	1	234	8	19/04/2021	10:00	30	MOTOR SEM FORCA E INTERFONE SEM PEGAR 	executed	2021-04-19 12:16:36+00	2021-04-20 20:32:48+00
358	31	1	31	8	20/04/2021	16:00	30	OLHAR MOTOR - ESTA DO MESMO JEITO. IMA 	executed	2021-04-20 14:16:39+00	2021-04-21 15:11:44+00
356	74	3	74	13	20/04/2021	12:00	30	TV SEM SINAL PARABOLICA 	executed	2021-04-20 11:52:57+00	2021-04-21 15:52:44+00
357	30	3	30	13	20/04/2021	16:00	30	RECPTOR SEM PEGAR	executed	2021-04-20 13:17:48+00	2021-04-21 15:53:12+00
355	241	3	235	13	20/04/2021	10:00	30	CINE BOX TRAVANDO	executed	2021-04-20 11:46:15+00	2021-04-22 18:25:45+00
360	26	1	26	17	19/04/2021	12:00	30	LIGAR CENTRAL DE ALARME	executed	2021-04-20 14:26:47+00	2021-04-20 14:27:01+00
477	71	2	71	28	20/05/2021	08:00	30	ESCOLA E PREFEITURA 	pending	2021-05-17 11:32:13+00	2021-05-17 11:32:13+00
361	243	3	237	13	20/04/2021	12:30	30	RECEPTOR TOCOMBOX ENERGY HD	executed	2021-04-20 15:00:47+00	2021-04-20 17:21:16+00
354	111	1	111	9	20/04/2021	08:00	30	INSTALAR INTERFONE INTELBRAS - PASSAR FIO 	executed	2021-04-19 21:05:34+00	2021-04-20 17:38:55+00
532	60	3	60	28	27/05/2021	10:00	30	TROCAR CÂMERA DE LUGAR.	pending	2021-05-26 20:04:37+00	2021-05-26 20:04:37+00
359	242	3	236	13	21/04/2021	08:00	30	CINE BOX TRAVANDO 	executed	2021-04-20 14:20:46+00	2021-04-21 16:00:39+00
368	34	3	34	13	22/04/2021	09:00	30	CINE BOX SEM PEGAR 	executed	2021-04-22 11:13:05+00	2021-04-22 16:04:45+00
366	248	3	242	13	21/04/2021	14:00	30	SEM SINAL 	executed	2021-04-21 15:54:19+00	2021-04-22 18:25:55+00
369	139	3	139	13	22/04/2021	13:00	30	TROCAR DE LNB	executed	2021-04-22 16:06:40+00	2021-04-22 18:28:18+00
485	263	1	257	9	17/05/2021	13:00	30	OLHAR FIACAO PRA INSTALAR PORTEIRO ELETRONICO. 	executed	2021-05-17 11:59:38+00	2021-05-18 11:32:34+00
507	156	1	156	8	21/05/2021	08:00	30	MOTOR SEM PEGAR\nLEVAR PILHAR.	executed	2021-05-20 18:28:57+00	2021-05-24 11:28:31+00
515	29	3	29	28	27/05/2021	08:00	30	TROCAR UMA CAMERA	pending	2021-05-24 11:30:02+00	2021-05-24 11:30:02+00
365	218	2	212	17	21/04/2021	10:00	30	NAO CHAMA NO TELEFONE	executed	2021-04-21 11:23:13+00	2021-04-24 15:19:09+00
500	117	3	117	13	19/05/2021	08:00	30	TV DESPROGRAMADA\n	executed	2021-05-18 16:10:03+00	2021-05-24 11:30:58+00
523	180	1	180	28	26/05/2021	10:00	30	CAMERAS ESCURA	pending	2021-05-24 12:30:51+00	2021-05-24 12:30:51+00
375	101	1	101	8	26/04/2021	08:30	30	COLOCAR MOTOR 	executed	2021-04-24 15:28:12+00	2021-04-26 16:39:36+00
376	35	1	35	8	26/04/2021	10:00	30	COLOCAR PLACA ACTON 	executed	2021-04-24 15:29:06+00	2021-04-26 18:13:10+00
377	249	1	243	8	26/04/2021	09:00	30	COLOCAR UMA CREMALHEIRA ROSSI 	executed	2021-04-24 15:29:51+00	2021-04-27 11:15:16+00
524	218	1	212	17	26/05/2021	14:00	30	ALARME DISPARANDO	pending	2021-05-24 12:31:32+00	2021-05-24 12:31:32+00
379	250	4	244	18	27/04/2021	09:00	30	ORCAMENTO SISTEMA DE CFTV	executed	2021-04-26 16:44:28+00	2021-04-28 11:15:47+00
525	285	4	279	7	27/05/2021	16:00	30	OLHAR PORTAO PRA INSTALAR MOTOR	executed	2021-05-24 12:52:30+00	2021-05-25 14:58:43+00
382	131	1	131	8	27/04/2021	09:00	30	PORTAO SAIU DO TRILHO	canceled	2021-04-26 18:25:22+00	2021-04-28 11:24:33+00
386	253	3	247	13	28/04/2021	13:30	30	REGULAR ANTENA PARABOLICA 	executed	2021-04-28 13:57:12+00	2021-04-28 22:01:57+00
381	252	3	246	6	27/04/2021	13:00	30	INSTALAR 02 ANTENAS RECEPTOR AZAMERICA S1009+ 	executed	2021-04-26 17:28:06+00	2021-04-30 18:38:30+00
399	257	3	251	13	03/05/2021	08:47	30	OLHAR CINE BOX 	executed	2021-05-03 11:47:33+00	2021-05-03 11:52:01+00
400	242	3	236	13	03/05/2021	09:00	30	OLHAR CINE BOX - SEM SINAL DE NADA	executed	2021-05-03 11:53:56+00	2021-05-03 12:08:47+00
395	43	3	43	13	03/05/2021	08:00	30	TV'S SEM PEGAR	executed	2021-05-03 11:28:47+00	2021-05-03 12:17:55+00
396	248	3	242	13	03/05/2021	09:00	30	CONEXÃO TV	executed	2021-05-03 11:30:23+00	2021-05-03 12:30:14+00
404	259	3	253	13	03/05/2021	17:00	30	OLHAR TV PRA LIGAR O NANO BOX 	executed	2021-05-03 12:24:32+00	2021-05-03 13:27:57+00
402	82	3	82	4	03/05/2021	15:00	30	CERCA TA DISPARANDO 	executed	2021-05-03 12:08:31+00	2021-05-03 14:03:59+00
405	70	3	70	13	03/05/2021	11:00	30	CONECTAR CABO DE REDE	executed	2021-05-03 12:54:45+00	2021-05-03 16:08:41+00
390	11	2	11	8	05/04/2021	08:30	30	OLHA MOTOR DE PORTÃO	executed	2021-04-30 14:19:36+00	2021-05-03 16:14:34+00
391	11	2	11	8	03/04/2021	08:30	30	OLHA MOTOR DE PORTÃO	executed	2021-04-30 14:20:42+00	2021-05-03 16:15:07+00
407	260	3	254	23	03/05/2021	12:00	30	INSTALAR SUPORTE DE TV E MUDAR ROTEADOR DE LOCAL. 	executed	2021-05-03 13:33:42+00	2021-05-03 19:42:14+00
392	11	2	11	8	03/05/2021	05:30	30	MOTOR SEM PEGAR	executed	2021-04-30 14:21:37+00	2021-05-03 20:38:31+00
397	256	3	250	6	03/05/2021	14:00	30	INSTALAR ANTENA USADA KU RECEPTOR SKY 	executed	2021-05-03 11:38:34+00	2021-05-04 11:22:41+00
416	258	3	252	5	04/05/2021	09:00	30	LIGAR MIDIA BOX 	executed	2021-05-04 11:22:23+00	2021-05-04 14:40:51+00
425	264	1	258	8	04/05/2021	12:00	30	PLACA MOTOR BASCULANTE	executed	2021-05-04 16:53:02+00	2021-05-04 17:33:31+00
414	261	3	255	13	04/05/2021	08:30	30	OLHAR SINAL PARABOLICA 	executed	2021-05-04 11:20:33+00	2021-05-04 18:26:34+00
413	251	3	245	13	04/05/2021	14:00	30	ENERGY TRAVANDO 	executed	2021-05-04 11:16:20+00	2021-05-04 20:10:29+00
421	262	3	256	13	04/05/2021	14:30	30	RECEPTOR TOCOMBOX 	executed	2021-05-04 13:01:05+00	2021-05-04 20:10:42+00
424	257	3	251	13	05/05/2021	08:30	30	LEVAR CABO HDMI	executed	2021-05-04 15:57:00+00	2021-05-05 13:56:56+00
417	19	3	19	13	04/05/2021	13:00	30	TV TUDO SEM PEGAR - OI TV E SKY GATO. 	executed	2021-05-04 11:23:43+00	2021-05-07 19:55:54+00
432	266	3	260	13	07/05/2021	13:00	30	COBREI 50.00, NA RUA DE TRAIS DO ANTIGO ENDEREÇO DELE	executed	2021-05-06 18:07:08+00	2021-05-07 21:43:01+00
431	265	4	259	13	05/05/2021	11:00	30	BTV SEM CONECTAR NA INTERNET - ROTEADOR PROXIMO 	canceled	2021-05-05 14:12:43+00	2021-05-08 11:45:38+00
426	146	2	146	22	05/05/2021	14:00	30	COLAR FITA DE LED NO MOVEL DA TV INTERATIVA 	executed	2021-05-05 11:50:55+00	2021-05-08 11:48:24+00
422	35	3	35	13	05/05/2021	13:00	30	OLHAR O CS E OLHAR MOTOR DE PORTAO 	executed	2021-05-04 13:53:05+00	2021-05-08 13:47:06+00
398	120	1	120	10	03/05/2021	08:30	30	VIDEO PORTEIRO COM PROBLEMA. 	executed	2021-05-03 11:40:26+00	2021-05-12 11:36:03+00
371	179	2	179	3	26/04/2021	08:30	30	CHUMBAR HASTES DE CERCA ELETRICA	executed	2021-04-22 19:35:41+00	2021-05-14 21:53:38+00
466	57	2	57	4	17/05/2021	08:05	30	OLHA CERCA\n	executed	2021-05-15 13:24:02+00	2021-05-17 11:26:49+00
435	268	3	262	13	07/05/2021	09:30	30	CINE BOX SEM PEGAR - TUDO BRANCO 	executed	2021-05-06 21:54:24+00	2021-05-08 13:47:30+00
437	30	2	30	8	08/05/2021	08:00	30	OLHAR MOTOR DE PORTÃO	executed	2021-05-07 19:27:22+00	2021-05-08 13:47:51+00
436	173	1	173	7	08/05/2021	08:30	30	INSTALAR MOTOR JET FLEX PPA E VIDEO PORTEIRO E OLHAR UMA CAMERA QUE TA RUIM	executed	2021-05-07 17:20:48+00	2021-05-10 11:02:57+00
446	269	3	263	13	10/05/2021	10:00	30	INSTALAR GOSAT PLUS 	executed	2021-05-08 11:32:27+00	2021-05-11 11:18:17+00
450	202	3	196	13	10/05/2021	15:00	30	SINAL DA TV - CINE BOX 	executed	2021-05-10 14:32:45+00	2021-05-11 17:15:32+00
465	276	3	270	13	17/05/2021	07:00	30	OLHA SINAL SKY	executed	2021-05-15 13:20:20+00	2021-05-17 14:20:33+00
451	272	1	266	8	11/05/2021	09:00	30	CONFIGURAR CONTROLE REMOTO EM MOTOR DE CORRENTE	canceled	2021-05-10 14:43:46+00	2021-05-12 11:31:18+00
459	133	3	133	4	17/05/2021	08:00	30	REVISAO GERAL NA CERCA ELETRICA	executed	2021-05-12 19:45:37+00	2021-05-19 11:10:56+00
501	164	2	164	28	19/05/2021	08:00	30	CAMERA SEM PEGAR	executed	2021-05-18 19:11:10+00	2021-05-19 12:29:26+00
469	100	1	100	17	18/05/2021	08:00	30	OLHAR CHIP SE TA ATIVO PRA COLOCAR RECARGA. 	executed	2021-05-15 14:47:58+00	2021-05-20 18:58:54+00
448	270	1	264	8	11/05/2021	12:00	30	CONFIGURAR 02 CONTROLE MOTOR ROSSI 	executed	2021-05-10 12:00:06+00	2021-05-13 11:25:28+00
516	58	1	58	7	27/05/2021	09:00	30	INSTALAR MOTOR DZ ATTO ROSSI\n	pending	2021-05-24 12:17:15+00	2021-05-24 12:17:15+00
461	219	3	213	13	14/05/2021	09:00	30	MUDAR ANTENA DE LOCAL 	canceled	2021-05-13 14:35:34+00	2021-05-14 11:32:18+00
444	101	1	101	8	10/05/2021	08:00	30	CONFIGURAR 01 CONTROLE REMOTO	executed	2021-05-08 11:17:38+00	2021-05-14 12:51:48+00
442	11	3	11	13	15/05/2021	08:00	30	ANTES DE IR LIGAR PARA RICARDO, POIS O SERVIÇO É NA CASA DA MÃE DELE( NO RETIRO)\n* LEVAR UM SUPORTE DE TV	executed	2021-05-08 11:15:30+00	2021-05-14 16:29:16+00
454	77	4	77	8	11/05/2021	14:00	30	PORTAO AMARRANDO	executed	2021-05-11 14:30:31+00	2021-05-14 21:54:16+00
517	63	2	63	26	29/05/2021	08:00	30	INSTALAR 12 CAMERAS  FULL HD 	pending	2021-05-24 12:18:20+00	2021-05-24 12:18:20+00
468	81	3	81	4	22/05/2021	08:00	30	CERCA DISPARANDO	executed	2021-05-15 14:07:09+00	2021-05-24 12:18:58+00
526	31	1	31	28	28/05/2021	15:00	30	DVR COM DEFEITO ENTRADA DE REDE - EM ALBERTO LUIS GOMES. 	pending	2021-05-24 13:25:49+00	2021-05-24 13:25:49+00
\.


--
-- Data for Name: products; Type: TABLE DATA; Schema: public; Owner: postgres
--

COPY public.products (id, codigo, nome, price_custo, price_venda, und_medida, created_at, updated_at) FROM stdin;
\.


--
-- Data for Name: services; Type: TABLE DATA; Schema: public; Owner: postgres
--

COPY public.services (id, name, created_at, updated_at) FROM stdin;
3	INSTALACAO CERCA ELETRICA	2021-03-22 01:59:35+00	2021-03-22 01:59:35+00
4	MANUTENCAO CERCA ELETRICA	2021-03-22 01:59:35+00	2021-03-22 01:59:35+00
5	INSTALACAO ANTENA PARABOLICA BANDA C	2021-03-22 01:59:35+00	2021-03-22 01:59:35+00
6	INSTALACAO ANTENA BANDA KU	2021-03-22 01:59:35+00	2021-03-22 01:59:35+00
7	INSTALACAO DE MOTOR DE PORTAO	2021-03-22 01:59:35+00	2021-03-22 01:59:35+00
8	MANUTENCAO MOTOR DE PORTAO	2021-03-22 01:59:35+00	2021-03-22 01:59:35+00
9	INSTALACAO PORTEIRO ELETRONICO	2021-03-22 01:59:35+00	2021-03-22 01:59:35+00
10	MANUTENCAO PORTEIRO ELETRONICO	2021-03-22 01:59:35+00	2021-03-22 01:59:35+00
11	MONTAGEM DE SUPORTE DE TV	2021-03-22 01:59:35+00	2021-03-22 01:59:35+00
12	ATUALIZACAO DE RECEPTORES	2021-03-22 01:59:35+00	2021-03-22 01:59:35+00
13	MANUNTEÇÃO DE SISTEMA DE TV	2021-03-22 01:59:35+00	2021-03-22 01:59:35+00
15	ORÇAMENTO MOTOR PARA PORTÃO.	2021-03-22 01:59:35+00	2021-03-22 01:59:35+00
16	INSTALACAO SISTEMA DE ALARME 	2021-03-22 01:59:35+00	2021-03-22 01:59:35+00
17	MANUTENCAO SISTEMA DE ALARME	2021-03-22 01:59:35+00	2021-03-22 01:59:35+00
18	ORCAMENTO	2021-03-22 01:59:35+00	2021-03-22 01:59:35+00
19	TRANSFERENCIA DE ANTENAS 	2021-03-22 01:59:35+00	2021-03-22 01:59:35+00
20	CONFIGURAÇÃO CÂMERA IP.	2021-03-22 01:59:35+00	2021-03-22 01:59:35+00
22	OUTROS	2021-03-23 12:32:39+00	2021-03-23 12:32:39+00
23	INSTALAR SUPORTE DE TV	2021-04-14 11:55:55+00	2021-04-14 11:55:55+00
26	INSTALAÇÃO - CFTV	2021-05-16 15:53:35+00	2021-05-16 15:53:35+00
28	MANUTENÇÃO - CFTV	2021-05-16 16:04:20+00	2021-05-16 16:04:20+00
\.


--
-- Data for Name: tokens; Type: TABLE DATA; Schema: public; Owner: postgres
--

COPY public.tokens (id, user_id, token, type, is_revoked, created_at, updated_at) FROM stdin;
\.


--
-- Data for Name: tools; Type: TABLE DATA; Schema: public; Owner: postgres
--

COPY public.tools (id, name, marca, created_at, updated_at) FROM stdin;
\.


--
-- Data for Name: users; Type: TABLE DATA; Schema: public; Owner: postgres
--

COPY public.users (id, username, email, password, created_at, updated_at) FROM stdin;
1	Wellington Fernandes da Costa	wellingtonuna@hotmail.com	$2a$10$/.rg//mVp5/gLLFA57bvGuiJl18vizY9YU7r4sLf8Cd1/ML5NaJNy	2021-03-22 01:59:35+00	2021-03-22 01:59:35+00
\.


--
-- Name: adonis_schema_id_seq; Type: SEQUENCE SET; Schema: public; Owner: postgres
--

SELECT pg_catalog.setval('public.adonis_schema_id_seq', 18, true);


--
-- Name: adresses_id_seq; Type: SEQUENCE SET; Schema: public; Owner: postgres
--

SELECT pg_catalog.setval('public.adresses_id_seq', 282, true);


--
-- Name: clients_id_seq; Type: SEQUENCE SET; Schema: public; Owner: postgres
--

SELECT pg_catalog.setval('public.clients_id_seq', 288, true);


--
-- Name: collaborators_id_seq; Type: SEQUENCE SET; Schema: public; Owner: postgres
--

SELECT pg_catalog.setval('public.collaborators_id_seq', 6, true);


--
-- Name: ordens_services_id_seq; Type: SEQUENCE SET; Schema: public; Owner: postgres
--

SELECT pg_catalog.setval('public.ordens_services_id_seq', 532, true);


--
-- Name: products_id_seq; Type: SEQUENCE SET; Schema: public; Owner: postgres
--

SELECT pg_catalog.setval('public.products_id_seq', 1, false);


--
-- Name: services_id_seq; Type: SEQUENCE SET; Schema: public; Owner: postgres
--

SELECT pg_catalog.setval('public.services_id_seq', 28, true);


--
-- Name: tokens_id_seq; Type: SEQUENCE SET; Schema: public; Owner: postgres
--

SELECT pg_catalog.setval('public.tokens_id_seq', 1, false);


--
-- Name: tools_id_seq; Type: SEQUENCE SET; Schema: public; Owner: postgres
--

SELECT pg_catalog.setval('public.tools_id_seq', 1, false);


--
-- Name: users_id_seq; Type: SEQUENCE SET; Schema: public; Owner: postgres
--

SELECT pg_catalog.setval('public.users_id_seq', 1, true);


--
-- Name: adonis_schema adonis_schema_pkey; Type: CONSTRAINT; Schema: public; Owner: postgres
--

ALTER TABLE ONLY public.adonis_schema
    ADD CONSTRAINT adonis_schema_pkey PRIMARY KEY (id);


--
-- Name: adresses adresses_pkey; Type: CONSTRAINT; Schema: public; Owner: postgres
--

ALTER TABLE ONLY public.adresses
    ADD CONSTRAINT adresses_pkey PRIMARY KEY (id);


--
-- Name: clients clients_pkey; Type: CONSTRAINT; Schema: public; Owner: postgres
--

ALTER TABLE ONLY public.clients
    ADD CONSTRAINT clients_pkey PRIMARY KEY (id);


--
-- Name: collaborators collaborators_contato_unique; Type: CONSTRAINT; Schema: public; Owner: postgres
--

ALTER TABLE ONLY public.collaborators
    ADD CONSTRAINT collaborators_contato_unique UNIQUE (contato);


--
-- Name: collaborators collaborators_pkey; Type: CONSTRAINT; Schema: public; Owner: postgres
--

ALTER TABLE ONLY public.collaborators
    ADD CONSTRAINT collaborators_pkey PRIMARY KEY (id);


--
-- Name: ordens_services ordens_services_pkey; Type: CONSTRAINT; Schema: public; Owner: postgres
--

ALTER TABLE ONLY public.ordens_services
    ADD CONSTRAINT ordens_services_pkey PRIMARY KEY (id);


--
-- Name: products products_pkey; Type: CONSTRAINT; Schema: public; Owner: postgres
--

ALTER TABLE ONLY public.products
    ADD CONSTRAINT products_pkey PRIMARY KEY (id);


--
-- Name: services services_pkey; Type: CONSTRAINT; Schema: public; Owner: postgres
--

ALTER TABLE ONLY public.services
    ADD CONSTRAINT services_pkey PRIMARY KEY (id);


--
-- Name: tokens tokens_pkey; Type: CONSTRAINT; Schema: public; Owner: postgres
--

ALTER TABLE ONLY public.tokens
    ADD CONSTRAINT tokens_pkey PRIMARY KEY (id);


--
-- Name: tokens tokens_token_unique; Type: CONSTRAINT; Schema: public; Owner: postgres
--

ALTER TABLE ONLY public.tokens
    ADD CONSTRAINT tokens_token_unique UNIQUE (token);


--
-- Name: tools tools_pkey; Type: CONSTRAINT; Schema: public; Owner: postgres
--

ALTER TABLE ONLY public.tools
    ADD CONSTRAINT tools_pkey PRIMARY KEY (id);


--
-- Name: users users_email_unique; Type: CONSTRAINT; Schema: public; Owner: postgres
--

ALTER TABLE ONLY public.users
    ADD CONSTRAINT users_email_unique UNIQUE (email);


--
-- Name: users users_pkey; Type: CONSTRAINT; Schema: public; Owner: postgres
--

ALTER TABLE ONLY public.users
    ADD CONSTRAINT users_pkey PRIMARY KEY (id);


--
-- Name: users users_username_unique; Type: CONSTRAINT; Schema: public; Owner: postgres
--

ALTER TABLE ONLY public.users
    ADD CONSTRAINT users_username_unique UNIQUE (username);


--
-- Name: tokens_token_index; Type: INDEX; Schema: public; Owner: postgres
--

CREATE INDEX tokens_token_index ON public.tokens USING btree (token);


--
-- Name: adresses adresses_client_id_foreign; Type: FK CONSTRAINT; Schema: public; Owner: postgres
--

ALTER TABLE ONLY public.adresses
    ADD CONSTRAINT adresses_client_id_foreign FOREIGN KEY (client_id) REFERENCES public.clients(id) ON UPDATE CASCADE ON DELETE CASCADE;


--
-- Name: ordens_services ordens_services_adress_id_foreign; Type: FK CONSTRAINT; Schema: public; Owner: postgres
--

ALTER TABLE ONLY public.ordens_services
    ADD CONSTRAINT ordens_services_adress_id_foreign FOREIGN KEY (adress_id) REFERENCES public.adresses(id) ON UPDATE CASCADE ON DELETE CASCADE;


--
-- Name: ordens_services ordens_services_client_id_foreign; Type: FK CONSTRAINT; Schema: public; Owner: postgres
--

ALTER TABLE ONLY public.ordens_services
    ADD CONSTRAINT ordens_services_client_id_foreign FOREIGN KEY (client_id) REFERENCES public.clients(id) ON UPDATE CASCADE ON DELETE CASCADE;


--
-- Name: ordens_services ordens_services_colaborator_id_foreign; Type: FK CONSTRAINT; Schema: public; Owner: postgres
--

ALTER TABLE ONLY public.ordens_services
    ADD CONSTRAINT ordens_services_colaborator_id_foreign FOREIGN KEY (colaborator_id) REFERENCES public.collaborators(id) ON UPDATE CASCADE ON DELETE CASCADE;


--
-- Name: ordens_services ordens_services_service_id_foreign; Type: FK CONSTRAINT; Schema: public; Owner: postgres
--

ALTER TABLE ONLY public.ordens_services
    ADD CONSTRAINT ordens_services_service_id_foreign FOREIGN KEY (service_id) REFERENCES public.services(id) ON UPDATE CASCADE ON DELETE CASCADE;


--
-- Name: tokens tokens_user_id_foreign; Type: FK CONSTRAINT; Schema: public; Owner: postgres
--

ALTER TABLE ONLY public.tokens
    ADD CONSTRAINT tokens_user_id_foreign FOREIGN KEY (user_id) REFERENCES public.users(id);


--
-- PostgreSQL database dump complete
--

